lestnicy-dlya-kolodcev;598;catalog;Лестницы для колодцев: КЛ, ВЛ-2 и ходовые скобы;604;da
vl-2;599;lestnicy-dlya-kolodcev;Лестница водосточная ВЛ-2;474;da
kl;600;lestnicy-dlya-kolodcev;Лестница канализационная КЛ;485;da
skoby-hodovye;601;lestnicy-dlya-kolodcev;Ходовые скобы для колодцев;622;da
promyshlennye-lestnicy;616;lestnicy-dlya-kolodcev;Промышленные и специальные стальные лестницы;832;da
telefonnye-kolodtsy-kks;117;catalog;Телефонные колодцы связи ККСр;297;da
kksr-3;622;telefonnye-kolodtsy-kks;Колодец связи ККСр-3;1026;da
kryshki-kolodtsev-pp;110;catalog;Крышки колодцев — плиты перекрытия ПП;661;da
pp-8-1;797;kryshki-kolodtsev-pp;Плита перекрытия ПП 8-1;311;da
pp-10-1;798;kryshki-kolodtsev-pp;Плита перекрытия ПП 10-1;313;da
pp-10-2;799;kryshki-kolodtsev-pp;Плита перекрытия ПП 10-2;319;da
pp-12-2;800;kryshki-kolodtsev-pp;Плита перекрытия ПП 12-2;300;da
pp-15-1;801;kryshki-kolodtsev-pp;Плита перекрытия ПП 15-1;320;da
pp-15-2;802;kryshki-kolodtsev-pp;Плита перекрытия ПП 15-2;326;da
pp-20-1;803;kryshki-kolodtsev-pp;Плита перекрытия ПП 20-1;312;da
pp-20-2;804;kryshki-kolodtsev-pp;Плита перекрытия ПП 20-2;318;da
pp-25-2;805;kryshki-kolodtsev-pp;Плита перекрытия ПП 25-2;314;da
ppz-20-2;806;kryshki-kolodtsev-pp;Плита перекрытия с замком ППЗ 20-2;327;da
ppz-20-1;807;kryshki-kolodtsev-pp;Плита перекрытия с замком ППЗ 20-1;327;da
ppz-15-2;808;kryshki-kolodtsev-pp;Плита перекрытия с замком ППЗ 15-2;329;da
ppz-15-1;809;kryshki-kolodtsev-pp;Плита перекрытия с замком ППЗ 15-1;329;da
ppz-10-2;810;kryshki-kolodtsev-pp;Плита перекрытия с замком ППЗ 10-2;328;da
ppz-10-1;811;kryshki-kolodtsev-pp;Плита перекрытия с замком ППЗ 10-1;328;da
ppl-20-2;812;kryshki-kolodtsev-pp;Плита перекрытия с полимерным люком ППЛ 20-2;326;da
ppl-20-1;813;kryshki-kolodtsev-pp;Плита перекрытия с полимерным люком ППЛ 20-1;326;da
ppl-15-2;814;kryshki-kolodtsev-pp;Плита перекрытия с полимерным люком ППЛ 15-2;322;da
ppl-15-1;815;kryshki-kolodtsev-pp;Плита перекрытия с полимерным люком ППЛ 15-1;316;da
ppl-10-2;816;kryshki-kolodtsev-pp;Плита перекрытия с полимерным люком ППЛ 10-2;321;da
ppl-10-1;817;kryshki-kolodtsev-pp;Плита перекрытия с полимерным люком ППЛ 10-1;315;da
pk-10;818;kryshki-kolodtsev-pp;Плита ПК 10;297;da
pk-12;819;kryshki-kolodtsev-pp;Плита ПК 12;282;da
pk-15;820;kryshki-kolodtsev-pp;Плита ПК 15;296;da
pk-20;821;kryshki-kolodtsev-pp;Плита ПК 20;300;da
pk-25;822;kryshki-kolodtsev-pp;Плита ПК 25;288;da
pvg-15;823;kryshki-kolodtsev-pp;Плита ПВГ 15;298;da
pvg-20;824;kryshki-kolodtsev-pp;Плита ПВГ 20;294;da
pvg-25;825;kryshki-kolodtsev-pp;Плита ПВГ 25;288;da
opornye-plity-op;104;catalog;Опорные плиты ОП по ГОСТ 8020-2016;595;da
op-1k;647;opornye-plity-op;Опорная плита ОП-1К;267;da
op-1d;648;opornye-plity-op;Опорная плита ОП-1Д;263;da
uop-6;854;opornye-plity-op;Опорная плита УОП-6;265;da
kco-3;855;opornye-plity-op;Опорная плита КЦО-3;258;da
lyuki-chugunnye;111;catalog;Люки чугунные ЛЧ и дождеприёмники по ГОСТ 3634;503;da
lch-l;847;lyuki-chugunnye;Люк чугунный лёгкий ЛЧ-Л;259;da
lch-t;848;lyuki-chugunnye;Люк чугунный тяжёлый ЛЧ-Т;268;da
lch-tmr;849;lyuki-chugunnye;Люк чугунный тяжёлый с замком ЛЧ-ТМР;276;da
db;850;lyuki-chugunnye;Дождеприёмник большой ДБ;266;da
dk;851;lyuki-chugunnye;Дождеприёмник круглый ДК;256;da
