slug;ID;cena_v_mete;cena_v_tekste;cena_v_tablice_razdela;cena_prays_2026_06;mest_vsego
bl-1-201-4;1457;11845;11845;11845;11845;7
bl-1-201-4a;1458;6501;6501;6501;6501;7
bl-4-201-8;1459;17703;17703;17703;17703;7
bl-4-201-8a;1460;9042;9042;9042;9042;7
f-1;1473;4837;4837;4837;4837;4
fbs-12-3-6;776;1910;1910;1910;1910;8
fbs-12-4-3;786;1730;1730;1730;1730;10
fbs-12-4-6;777;2250;2250;2250;2250;9
fbs-12-5-6;778;2790;2790;2790;2790;9
fbs-12-6-6;779;3460;3460;3460;3460;8
fbs-24-3-6;772;3140;3140;3140;3140;8
fbs-24-4-6;640;3970;3970;3970;3970;9
fbs-24-5-6;774;4750;4750;4750;4750;9
fbs-24-6-6;775;6040;6040;6040;6040;8
fbs-6-3-6;789;1580;1580;1580;1580;8
fbs-6-4-3;788;1260;1260;1260;1260;9
fbs-6-4-6;785;1680;1680;1680;1680;9
fbs-6-5-6;784;1650;1650;1650;1650;8
fbs-9-3-6;780;1570;1570;1570;1570;8
fbs-9-4-3;787;1730;1730;1730;1730;10
fbs-9-4-6;781;1810;1810;1810;1810;9
fbs-9-5-6;782;2110;2110;2110;2110;9
fbs-9-6-6;783;2420;2420;2420;2420;8
k1-a;838;2400;2400;2400;2400;7
kcd-10-10;830;3770;3770;3770;3770;9
kcd-10-6;828;3360;3360;3360;3360;7
kcd-10-9;829;3480;3480;3480;3480;9
kcd-15-10;832;7450;7450;7450;7450;8
kcd-15-9;831;6960;6960;6960;6960;9
kcd-20-10;834;14110;14110;14110;14110;7
kcd-20-9;833;12150;12150;12150;12150;9
kcd-7-10;827;3040;3040;3040;3040;9
kcd-7-9;826;2890;2890;2890;2890;8
kksr-3;622;;;15240;15240;1
ko-1;835;840;840;840;840;8
ko-1-5;836;1050;1050;1050;1050;8
ko-6;837;790;790;790;790;7
ks-10-10;759;2550;2550;2550;2550;7
ks-10-3;755;1320;1320;1320;1320;7
ks-10-5;756;1520;1520;1520;1520;8
ks-10-6;757;1720;1720;1720;1720;9
ks-10-9;649;2350;2350;2350;2350;8
ks-15-10;764;4460;4460;4460;4460;7
ks-15-3;760;2500;2500;2500;2500;7
ks-15-5;761;2890;2890;2890;2890;8
ks-15-6;762;2990;2990;2990;2990;9
ks-15-9;650;4160;4160;4160;4160;8
ks-20-10;769;7100;7100;7100;7100;7
ks-20-3;765;4120;4120;4120;4120;7
ks-20-5;766;5140;5140;5140;5140;8
ks-20-6;767;5340;5340;5340;5340;9
ks-20-9;768;6270;6270;6270;6270;8
ks-25-6;770;13910;13910;13910;13910;6
ks-25-9;771;17740;17740;17740;17740;6
ks-7-0-1;748;740;740;740;740;7
ks-7-1-5;749;740;740;740;740;8
ks-7-10;754;1910;1910;1910;1910;7
ks-7-3;750;980;980;980;980;9
ks-7-5;751;1220;1220;1220;1220;9
ks-7-6;752;1320;1320;1320;1320;9
ks-7-9;753;1810;1810;1810;1810;8
op-1d;648;5100;5100;5100;5100;8
op-1k;647;5100;5100;5100;5100;7
pk-10;818;3150;3150;3150;3150;5
pk-12;819;5410;5410;5410;5410;6
pk-15;820;6710;6710;6710;6710;7
pk-20;821;14410;14410;14410;14410;8
pk-25;822;33500;33500;33500;33500;6
pn-10;792;1520;1520;1520;1520;9
pn-12;793;2160;2160;2160;2160;9
pn-15;794;3330;3330;3330;3330;9
pn-20;795;5930;5930;5930;5930;8
pn-25;796;18480;18480;18480;18480;7
pn-7;790;890;890;890;890;7
pn-8;791;1520;1520;1520;1520;8
pp-10-1;798;1470;1470;1470;1470;11
pp-10-2;799;1810;1810;1810;1810;12
pp-12-2;800;2300;2300;2300;2300;6
pp-15-1;801;3410;3410;3410;3410;8
pp-15-2;802;3680;3680;3680;3680;9
pp-20-1;803;5830;5830;5830;5830;7
pp-20-2;804;6810;6810;6810;6810;8
pp-25-2;805;20790;20790;20790;20790;5
pp-8-1;797;1420;1420;1420;1420;8
ppl-10-1;817;3100;3100;3100;3100;7
ppl-10-2;816;3500;3500;3500;3500;8
ppl-15-1;815;5410;5410;5410;5410;7
ppl-15-2;814;5930;5930;5930;5930;8
ppl-20-1;813;7350;7350;7350;7350;9
ppl-20-2;812;8660;8660;8660;8660;9
ppz-10-1;811;1580;1580;1580;1580;10
ppz-10-2;810;2150;2150;2150;2150;13
ppz-15-1;809;3780;3780;3780;3780;9
ppz-15-2;808;4830;4830;4830;4830;9
ppz-20-1;807;7510;7510;7510;7510;9
ppz-20-2;806;8820;8820;8820;8820;9
pvg-15;823;8240;8240;8240;8240;5
pvg-20;824;15190;15190;15190;15190;7
pvg-25;825;33500;33500;33500;33500;6
stk-10;1467;17631;17631;17631;17631;9
stk-11;1468;21371;21371;21371;21371;9
stk-12;1469;28180;28180;28180;28180;9
stk-13;1470;36938;36938;36938;36938;9
uop-6;854;12400;12400;12400;12400;8
vd-8;846;5640;5640;5640;5640;7
vg-10;839;9160;9160;9160;9160;8
vg-12;840;12250;12250;12250;12250;9
vg-15;841;14550;14550;14550;14550;9
vg-20;842;30180;30180;30180;30180;7
vs-10;843;8380;8380;8380;8380;9
vs-12;844;11470;11470;11470;11470;9
vs-15;845;14360;14360;14360;14360;8
zk-1-100;1445;3436;3436;3436;3436;7
zk-14-132;1450;13530;13530;13530;13530;12
zk-16-132;1454;26001;26001;26001;26001;8
zk-2-100;1446;4812;4812;4812;4812;8
zk-3-100;1447;8078;8078;8078;8078;9
zk-3-150;1448;12430;12430;12430;12430;10
zk-3-200;1449;15855;15855;15855;15855;11
zk-8-100;1451;17246;17246;17246;17246;11
zk-8-150;1452;23559;23559;23559;23559;10
zk-8-200;1453;31508;31508;31508;31508;9
zk-9-100;1455;20800;20800;20800;20800;7
zk-9-200;1456;37510;37510;37510;37510;6
