slug_marki;stranica;vid_mesta;cena_seychas;cena_prays
bl-1-201-4;bl-4-201-8a;tablica-ryadom;11845;11845
bl-1-201-4;bl-4-201-8;tablica-ryadom;11845;11845
bl-1-201-4;bl-1-201-4a;tablica-ryadom;11845;11845
bl-1-201-4;bl-1-201-4;tekst-kartochki;11845;11845
bl-1-201-4;lekalnye-bloki-bl;tablica-razdela;11845;11845
bl-1-201-4;bl-1-201-4;meta-rz-product;11845;11845
bl-1-201-4;bl-1-201-4;rank-math-description;11845;11845
bl-1-201-4a;bl-4-201-8a;tablica-ryadom;6501;6501
bl-1-201-4a;bl-4-201-8;tablica-ryadom;6501;6501
bl-1-201-4a;bl-1-201-4a;tekst-kartochki;6501;6501
bl-1-201-4a;bl-1-201-4;tablica-ryadom;6501;6501
bl-1-201-4a;lekalnye-bloki-bl;tablica-razdela;6501;6501
bl-1-201-4a;bl-1-201-4a;meta-rz-product;6501;6501
bl-1-201-4a;bl-1-201-4a;rank-math-description;6501;6501
bl-4-201-8;bl-4-201-8a;tablica-ryadom;17703;17703
bl-4-201-8;bl-4-201-8;tekst-kartochki;17703;17703
bl-4-201-8;bl-1-201-4a;tablica-ryadom;17703;17703
bl-4-201-8;bl-1-201-4;tablica-ryadom;17703;17703
bl-4-201-8;lekalnye-bloki-bl;tablica-razdela;17703;17703
bl-4-201-8;bl-4-201-8;meta-rz-product;17703;17703
bl-4-201-8;bl-4-201-8;rank-math-description;17703;17703
bl-4-201-8a;bl-4-201-8a;tekst-kartochki;9042;9042
bl-4-201-8a;bl-4-201-8;tablica-ryadom;9042;9042
bl-4-201-8a;bl-1-201-4a;tablica-ryadom;9042;9042
bl-4-201-8a;bl-1-201-4;tablica-ryadom;9042;9042
bl-4-201-8a;lekalnye-bloki-bl;tablica-razdela;9042;9042
bl-4-201-8a;bl-4-201-8a;meta-rz-product;9042;9042
bl-4-201-8a;bl-4-201-8a;rank-math-description;9042;9042
f-1;f-1;tekst-kartochki;4837;4837
f-1;fundamenty-pod-dorozhnye-znaki;tablica-razdela;4837;4837
f-1;f-1;meta-rz-product;4837;4837
f-1;f-1;rank-math-description;4837;4837
fbs-12-3-6;fbs-12-4-3;tablica-ryadom;1910;1910
fbs-12-3-6;fbs-12-4-6;tablica-ryadom;1910;1910
fbs-12-3-6;fbs-12-3-6;tekst-kartochki;1910;1910
fbs-12-3-6;fbs-dlya-stroitelstva;tablica-ryadom;1910;1910
fbs-12-3-6;fbs-bloki;tablica-razdela;1910;1910
fbs-12-3-6;fbs-12-3-6;meta-rz-product;1910;1910
fbs-12-3-6;fbs-12-3-6;rank-math-title;1910;1910
fbs-12-3-6;fbs-12-3-6;rank-math-description;1910;1910
fbs-12-4-3;fbs-12-4-3;tekst-kartochki;1730;1730
fbs-12-4-3;fbs-12-6-6;tablica-ryadom;1730;1730
fbs-12-4-3;fbs-12-5-6;tablica-ryadom;1730;1730
fbs-12-4-3;fbs-12-4-6;tablica-ryadom;1730;1730
fbs-12-4-3;fbs-12-3-6;tablica-ryadom;1730;1730
fbs-12-4-3;fbs-dlya-stroitelstva;tablica-ryadom;1730;1730
fbs-12-4-3;fbs-bloki;tablica-razdela;1730;1730
fbs-12-4-3;fbs-12-4-3;meta-rz-product;1730;1730
fbs-12-4-3;fbs-12-4-3;rank-math-title;1730;1730
fbs-12-4-3;fbs-12-4-3;rank-math-description;1730;1730
fbs-12-4-6;fbs-12-4-3;tablica-ryadom;2250;2250
fbs-12-4-6;fbs-12-5-6;tablica-ryadom;2250;2250
fbs-12-4-6;fbs-12-4-6;tekst-kartochki;2250;2250
fbs-12-4-6;fbs-12-3-6;tablica-ryadom;2250;2250
fbs-12-4-6;fbs-dlya-stroitelstva;tablica-ryadom;2250;2250
fbs-12-4-6;fbs-bloki;tablica-razdela;2250;2250
fbs-12-4-6;fbs-12-4-6;meta-rz-product;2250;2250
fbs-12-4-6;fbs-12-4-6;rank-math-title;2250;2250
fbs-12-4-6;fbs-12-4-6;rank-math-description;2250;2250
fbs-12-5-6;fbs-12-4-3;tablica-ryadom;2790;2790
fbs-12-5-6;fbs-12-6-6;tablica-ryadom;2790;2790
fbs-12-5-6;fbs-12-5-6;tekst-kartochki;2790;2790
fbs-12-5-6;fbs-12-4-6;tablica-ryadom;2790;2790
fbs-12-5-6;fbs-dlya-stroitelstva;tablica-ryadom;2790;2790
fbs-12-5-6;fbs-bloki;tablica-razdela;2790;2790
fbs-12-5-6;fbs-12-5-6;meta-rz-product;2790;2790
fbs-12-5-6;fbs-12-5-6;rank-math-title;2790;2790
fbs-12-5-6;fbs-12-5-6;rank-math-description;2790;2790
fbs-12-6-6;fbs-12-4-3;tablica-ryadom;3460;3460
fbs-12-6-6;fbs-12-6-6;tekst-kartochki;3460;3460
fbs-12-6-6;fbs-12-5-6;tablica-ryadom;3460;3460
fbs-12-6-6;fbs-dlya-stroitelstva;tablica-ryadom;3460;3460
fbs-12-6-6;fbs-bloki;tablica-razdela;3460;3460
fbs-12-6-6;fbs-12-6-6;meta-rz-product;3460;3460
fbs-12-6-6;fbs-12-6-6;rank-math-title;3460;3460
fbs-12-6-6;fbs-12-6-6;rank-math-description;3460;3460
fbs-24-3-6;fbs-24-5-6;tablica-ryadom;3140;3140
fbs-24-3-6;fbs-24-3-6;tekst-kartochki;3140;3140
fbs-24-3-6;fbs-24-4-6;tablica-ryadom;3140;3140
fbs-24-3-6;fbs-dlya-stroitelstva;tablica-ryadom;3140;3140
fbs-24-3-6;fbs-bloki;tablica-razdela;3140;3140
fbs-24-3-6;fbs-24-3-6;meta-rz-product;3140;3140
fbs-24-3-6;fbs-24-3-6;rank-math-title;3140;3140
fbs-24-3-6;fbs-24-3-6;rank-math-description;3140;3140
fbs-24-4-6;fbs-24-6-6;tablica-ryadom;3970;3970
fbs-24-4-6;fbs-24-5-6;tablica-ryadom;3970;3970
fbs-24-4-6;fbs-24-3-6;tablica-ryadom;3970;3970
fbs-24-4-6;fbs-24-4-6;tekst-kartochki;3970;3970
fbs-24-4-6;fbs-dlya-stroitelstva;tablica-ryadom;3970;3970
fbs-24-4-6;fbs-bloki;tablica-razdela;3970;3970
fbs-24-4-6;fbs-24-4-6;meta-rz-product;3970;3970
fbs-24-4-6;fbs-24-4-6;rank-math-title;3970;3970
fbs-24-4-6;fbs-24-4-6;rank-math-description;3970;3970
fbs-24-5-6;fbs-24-6-6;tablica-ryadom;4750;4750
fbs-24-5-6;fbs-24-5-6;tekst-kartochki;4750;4750
fbs-24-5-6;fbs-24-3-6;tablica-ryadom;4750;4750
fbs-24-5-6;fbs-24-4-6;tablica-ryadom;4750;4750
fbs-24-5-6;fbs-dlya-stroitelstva;tablica-ryadom;4750;4750
fbs-24-5-6;fbs-bloki;tablica-razdela;4750;4750
fbs-24-5-6;fbs-24-5-6;meta-rz-product;4750;4750
fbs-24-5-6;fbs-24-5-6;rank-math-title;4750;4750
fbs-24-5-6;fbs-24-5-6;rank-math-description;4750;4750
fbs-24-6-6;fbs-24-6-6;tekst-kartochki;6040;6040
fbs-24-6-6;fbs-24-5-6;tablica-ryadom;6040;6040
fbs-24-6-6;fbs-24-4-6;tablica-ryadom;6040;6040
fbs-24-6-6;fbs-dlya-stroitelstva;tablica-ryadom;6040;6040
fbs-24-6-6;fbs-bloki;tablica-razdela;6040;6040
fbs-24-6-6;fbs-24-6-6;meta-rz-product;6040;6040
fbs-24-6-6;fbs-24-6-6;rank-math-title;6040;6040
fbs-24-6-6;fbs-24-6-6;rank-math-description;6040;6040
fbs-6-3-6;fbs-6-3-6;tekst-kartochki;1580;1580
fbs-6-3-6;fbs-6-4-3;tablica-ryadom;1580;1580
fbs-6-3-6;fbs-6-4-6;tablica-ryadom;1580;1580
fbs-6-3-6;fbs-dlya-stroitelstva;tablica-ryadom;1580;1580
fbs-6-3-6;fbs-bloki;tablica-razdela;1580;1580
fbs-6-3-6;fbs-6-3-6;meta-rz-product;1580;1580
fbs-6-3-6;fbs-6-3-6;rank-math-title;1580;1580
fbs-6-3-6;fbs-6-3-6;rank-math-description;1580;1580
fbs-6-4-3;fbs-6-3-6;tablica-ryadom;1260;1260
fbs-6-4-3;fbs-6-4-3;tekst-kartochki;1260;1260
fbs-6-4-3;fbs-6-4-6;tablica-ryadom;1260;1260
fbs-6-4-3;fbs-6-5-6;tablica-ryadom;1260;1260
fbs-6-4-3;fbs-dlya-stroitelstva;tablica-ryadom;1260;1260
fbs-6-4-3;fbs-bloki;tablica-razdela;1260;1260
fbs-6-4-3;fbs-6-4-3;meta-rz-product;1260;1260
fbs-6-4-3;fbs-6-4-3;rank-math-title;1260;1260
fbs-6-4-3;fbs-6-4-3;rank-math-description;1260;1260
fbs-6-4-6;fbs-6-3-6;tablica-ryadom;1680;1680
fbs-6-4-6;fbs-6-4-3;tablica-ryadom;1680;1680
fbs-6-4-6;fbs-6-4-6;tekst-kartochki;1680;1680
fbs-6-4-6;fbs-6-5-6;tablica-ryadom;1680;1680
fbs-6-4-6;fbs-dlya-stroitelstva;tablica-ryadom;1680;1680
fbs-6-4-6;fbs-bloki;tablica-razdela;1680;1680
fbs-6-4-6;fbs-6-4-6;meta-rz-product;1680;1680
fbs-6-4-6;fbs-6-4-6;rank-math-title;1680;1680
fbs-6-4-6;fbs-6-4-6;rank-math-description;1680;1680
fbs-6-5-6;fbs-6-4-3;tablica-ryadom;1650;1650
fbs-6-5-6;fbs-6-4-6;tablica-ryadom;1650;1650
fbs-6-5-6;fbs-6-5-6;tekst-kartochki;1650;1650
fbs-6-5-6;fbs-dlya-stroitelstva;tablica-ryadom;1650;1650
fbs-6-5-6;fbs-bloki;tablica-razdela;1650;1650
fbs-6-5-6;fbs-6-5-6;meta-rz-product;1650;1650
fbs-6-5-6;fbs-6-5-6;rank-math-title;1650;1650
fbs-6-5-6;fbs-6-5-6;rank-math-description;1650;1650
fbs-9-3-6;fbs-9-4-3;tablica-ryadom;1570;1570
fbs-9-3-6;fbs-9-4-6;tablica-ryadom;1570;1570
fbs-9-3-6;fbs-9-3-6;tekst-kartochki;1570;1570
fbs-9-3-6;fbs-dlya-stroitelstva;tablica-ryadom;1570;1570
fbs-9-3-6;fbs-bloki;tablica-razdela;1570;1570
fbs-9-3-6;fbs-9-3-6;meta-rz-product;1570;1570
fbs-9-3-6;fbs-9-3-6;rank-math-title;1570;1570
fbs-9-3-6;fbs-9-3-6;rank-math-description;1570;1570
fbs-9-4-3;fbs-9-4-3;tekst-kartochki;1730;1730
fbs-9-4-3;fbs-9-6-6;tablica-ryadom;1730;1730
fbs-9-4-3;fbs-9-5-6;tablica-ryadom;1730;1730
fbs-9-4-3;fbs-9-4-6;tablica-ryadom;1730;1730
fbs-9-4-3;fbs-9-3-6;tablica-ryadom;1730;1730
fbs-9-4-3;fbs-dlya-stroitelstva;tablica-ryadom;1730;1730
fbs-9-4-3;fbs-bloki;tablica-razdela;1730;1730
fbs-9-4-3;fbs-9-4-3;meta-rz-product;1730;1730
fbs-9-4-3;fbs-9-4-3;rank-math-title;1730;1730
fbs-9-4-3;fbs-9-4-3;rank-math-description;1730;1730
fbs-9-4-6;fbs-9-4-3;tablica-ryadom;1810;1810
fbs-9-4-6;fbs-9-5-6;tablica-ryadom;1810;1810
fbs-9-4-6;fbs-9-4-6;tekst-kartochki;1810;1810
fbs-9-4-6;fbs-9-3-6;tablica-ryadom;1810;1810
fbs-9-4-6;fbs-dlya-stroitelstva;tablica-ryadom;1810;1810
fbs-9-4-6;fbs-bloki;tablica-razdela;1810;1810
fbs-9-4-6;fbs-9-4-6;meta-rz-product;1810;1810
fbs-9-4-6;fbs-9-4-6;rank-math-title;1810;1810
fbs-9-4-6;fbs-9-4-6;rank-math-description;1810;1810
fbs-9-5-6;fbs-9-4-3;tablica-ryadom;2110;2110
fbs-9-5-6;fbs-9-6-6;tablica-ryadom;2110;2110
fbs-9-5-6;fbs-9-5-6;tekst-kartochki;2110;2110
fbs-9-5-6;fbs-9-4-6;tablica-ryadom;2110;2110
fbs-9-5-6;fbs-dlya-stroitelstva;tablica-ryadom;2110;2110
fbs-9-5-6;fbs-bloki;tablica-razdela;2110;2110
fbs-9-5-6;fbs-9-5-6;meta-rz-product;2110;2110
fbs-9-5-6;fbs-9-5-6;rank-math-title;2110;2110
fbs-9-5-6;fbs-9-5-6;rank-math-description;2110;2110
fbs-9-6-6;fbs-9-4-3;tablica-ryadom;2420;2420
fbs-9-6-6;fbs-9-6-6;tekst-kartochki;2420;2420
fbs-9-6-6;fbs-9-5-6;tablica-ryadom;2420;2420
fbs-9-6-6;fbs-dlya-stroitelstva;tablica-ryadom;2420;2420
fbs-9-6-6;fbs-bloki;tablica-razdela;2420;2420
fbs-9-6-6;fbs-9-6-6;meta-rz-product;2420;2420
fbs-9-6-6;fbs-9-6-6;rank-math-title;2420;2420
fbs-9-6-6;fbs-9-6-6;rank-math-description;2420;2420
k1-a;k1-a;tekst-kartochki;2400;2400
k1-a;ko-1-5;tablica-ryadom;2400;2400
k1-a;ko-1;tablica-ryadom;2400;2400
k1-a;koltsa-kolodeznye-ks;tablica-razdela;2400;2400
k1-a;k1-a;meta-rz-product;2400;2400
k1-a;k1-a;rank-math-title;2400;2400
k1-a;k1-a;rank-math-description;2400;2400
kcd-10-10;kcd-20-10;tablica-ryadom;3770;3770
kcd-10-10;kcd-20-9;tablica-ryadom;3770;3770
kcd-10-10;kcd-15-10;tablica-ryadom;3770;3770
kcd-10-10;kcd-10-10;tekst-kartochki;3770;3770
kcd-10-10;kcd-7-10;tablica-ryadom;3770;3770
kcd-10-10;koltsa-s-dnom-ktsd;tablica-razdela;3770;3770
kcd-10-10;kcd-10-10;meta-rz-product;3770;3770
kcd-10-10;kcd-10-10;rank-math-title;3770;3770
kcd-10-10;kcd-10-10;rank-math-description;3770;3770
kcd-10-6;kcd-10-9;tablica-ryadom;3360;3360
kcd-10-6;kcd-10-6;tekst-kartochki;3360;3360
kcd-10-6;kcd-7-9;tablica-ryadom;3360;3360
kcd-10-6;koltsa-s-dnom-ktsd;tablica-razdela;3360;3360
kcd-10-6;kcd-10-6;meta-rz-product;3360;3360
kcd-10-6;kcd-10-6;rank-math-title;3360;3360
kcd-10-6;kcd-10-6;rank-math-description;3360;3360
kcd-10-9;kcd-20-9;tablica-ryadom;3480;3480
kcd-10-9;kcd-15-9;tablica-ryadom;3480;3480
kcd-10-9;kcd-10-9;tekst-kartochki;3480;3480
kcd-10-9;kcd-10-6;tablica-ryadom;3480;3480
kcd-10-9;kcd-7-9;tablica-ryadom;3480;3480
kcd-10-9;koltsa-s-dnom-ktsd;tablica-razdela;3480;3480
kcd-10-9;kcd-10-9;meta-rz-product;3480;3480
kcd-10-9;kcd-10-9;rank-math-title;3480;3480
kcd-10-9;kcd-10-9;rank-math-description;3480;3480
kcd-15-10;kcd-20-10;tablica-ryadom;7450;7450
kcd-15-10;kcd-15-10;tekst-kartochki;7450;7450
kcd-15-10;kcd-10-10;tablica-ryadom;7450;7450
kcd-15-10;kcd-7-10;tablica-ryadom;7450;7450
kcd-15-10;koltsa-s-dnom-ktsd;tablica-razdela;7450;7450
kcd-15-10;kcd-15-10;meta-rz-product;7450;7450
kcd-15-10;kcd-15-10;rank-math-title;7450;7450
kcd-15-10;kcd-15-10;rank-math-description;7450;7450
kcd-15-9;kcd-20-9;tablica-ryadom;6960;6960
kcd-15-9;kcd-15-9;tekst-kartochki;6960;6960
kcd-15-9;kcd-10-9;tablica-ryadom;6960;6960
kcd-15-9;kcd-7-10;tablica-ryadom;6960;6960
kcd-15-9;kcd-7-9;tablica-ryadom;6960;6960
kcd-15-9;koltsa-s-dnom-ktsd;tablica-razdela;6960;6960
kcd-15-9;kcd-15-9;meta-rz-product;6960;6960
kcd-15-9;kcd-15-9;rank-math-title;6960;6960
kcd-15-9;kcd-15-9;rank-math-description;6960;6960
kcd-20-10;kcd-20-10;tekst-kartochki;14110;14110
kcd-20-10;kcd-15-10;tablica-ryadom;14110;14110
kcd-20-10;kcd-10-10;tablica-ryadom;14110;14110
kcd-20-10;koltsa-s-dnom-ktsd;tablica-razdela;14110;14110
kcd-20-10;kcd-20-10;meta-rz-product;14110;14110
kcd-20-10;kcd-20-10;rank-math-title;14110;14110
kcd-20-10;kcd-20-10;rank-math-description;14110;14110
kcd-20-9;kcd-20-9;tekst-kartochki;12150;12150
kcd-20-9;kcd-15-9;tablica-ryadom;12150;12150
kcd-20-9;kcd-10-10;tablica-ryadom;12150;12150
kcd-20-9;kcd-10-9;tablica-ryadom;12150;12150
kcd-20-9;kcd-7-10;tablica-ryadom;12150;12150
kcd-20-9;koltsa-s-dnom-ktsd;tablica-razdela;12150;12150
kcd-20-9;kcd-20-9;meta-rz-product;12150;12150
kcd-20-9;kcd-20-9;rank-math-title;12150;12150
kcd-20-9;kcd-20-9;rank-math-description;12150;12150
kcd-7-10;kcd-20-9;tablica-ryadom;3040;3040
kcd-7-10;kcd-15-10;tablica-ryadom;3040;3040
kcd-7-10;kcd-15-9;tablica-ryadom;3040;3040
kcd-7-10;kcd-10-10;tablica-ryadom;3040;3040
kcd-7-10;kcd-7-10;tekst-kartochki;3040;3040
kcd-7-10;koltsa-s-dnom-ktsd;tablica-razdela;3040;3040
kcd-7-10;kcd-7-10;meta-rz-product;3040;3040
kcd-7-10;kcd-7-10;rank-math-title;3040;3040
kcd-7-10;kcd-7-10;rank-math-description;3040;3040
kcd-7-9;kcd-15-9;tablica-ryadom;2890;2890
kcd-7-9;kcd-10-9;tablica-ryadom;2890;2890
kcd-7-9;kcd-10-6;tablica-ryadom;2890;2890
kcd-7-9;kcd-7-9;tekst-kartochki;2890;2890
kcd-7-9;koltsa-s-dnom-ktsd;tablica-razdela;2890;2890
kcd-7-9;kcd-7-9;meta-rz-product;2890;2890
kcd-7-9;kcd-7-9;rank-math-title;2890;2890
kcd-7-9;kcd-7-9;rank-math-description;2890;2890
kksr-3;telefonnye-kolodtsy-kks;tablica-razdela;15240;15240
ko-1;k1-a;tablica-ryadom;840;840
ko-1;ko-6;tablica-ryadom;840;840
ko-1;ko-1-5;tablica-ryadom;840;840
ko-1;ko-1;tekst-kartochki;840;840
ko-1;koltsa-kolodeznye-ks;tablica-razdela;840;840
ko-1;ko-1;meta-rz-product;840;840
ko-1;ko-1;rank-math-title;840;840
ko-1;ko-1;rank-math-description;840;840
ko-1-5;k1-a;tablica-ryadom;1050;1050
ko-1-5;ko-6;tablica-ryadom;1050;1050
ko-1-5;ko-1-5;tekst-kartochki;1050;1050
ko-1-5;ko-1;tablica-ryadom;1050;1050
ko-1-5;koltsa-kolodeznye-ks;tablica-razdela;1050;1050
ko-1-5;ko-1-5;meta-rz-product;1050;1050
ko-1-5;ko-1-5;rank-math-title;1050;1050
ko-1-5;ko-1-5;rank-math-description;1050;1050
ko-6;ko-6;tekst-kartochki;790;790
ko-6;ko-1-5;tablica-ryadom;790;790
ko-6;ko-1;tablica-ryadom;790;790
ko-6;koltsa-kolodeznye-ks;tablica-razdela;790;790
ko-6;ko-6;meta-rz-product;790;790
ko-6;ko-6;rank-math-title;790;790
ko-6;ko-6;rank-math-description;790;790
ks-10-10;ks-10-10;tekst-kartochki;2550;2550
ks-10-10;ks-10-6;tablica-ryadom;2550;2550
ks-10-10;ks-10-9;tablica-ryadom;2550;2550
ks-10-10;koltsa-kolodeznye-ks;tablica-razdela;2550;2550
ks-10-10;ks-10-10;meta-rz-product;2550;2550
ks-10-10;ks-10-10;rank-math-title;2550;2550
ks-10-10;ks-10-10;rank-math-description;2550;2550
ks-10-3;ks-10-6;tablica-ryadom;1320;1320
ks-10-3;ks-10-5;tablica-ryadom;1320;1320
ks-10-3;ks-10-3;tekst-kartochki;1320;1320
ks-10-3;koltsa-kolodeznye-ks;tablica-razdela;1320;1320
ks-10-3;ks-10-3;meta-rz-product;1320;1320
ks-10-3;ks-10-3;rank-math-title;1320;1320
ks-10-3;ks-10-3;rank-math-description;1320;1320
ks-10-5;ks-10-6;tablica-ryadom;1520;1520
ks-10-5;ks-10-5;tekst-kartochki;1520;1520
ks-10-5;ks-10-3;tablica-ryadom;1520;1520
ks-10-5;ks-10-9;tablica-ryadom;1520;1520
ks-10-5;koltsa-kolodeznye-ks;tablica-razdela;1520;1520
ks-10-5;ks-10-5;meta-rz-product;1520;1520
ks-10-5;ks-10-5;rank-math-title;1520;1520
ks-10-5;ks-10-5;rank-math-description;1520;1520
ks-10-6;ks-10-10;tablica-ryadom;1720;1720
ks-10-6;ks-10-6;tekst-kartochki;1720;1720
ks-10-6;ks-10-5;tablica-ryadom;1720;1720
ks-10-6;ks-10-3;tablica-ryadom;1720;1720
ks-10-6;ks-10-9;tablica-ryadom;1720;1720
ks-10-6;koltsa-kolodeznye-ks;tablica-razdela;1720;1720
ks-10-6;ks-10-6;meta-rz-product;1720;1720
ks-10-6;ks-10-6;rank-math-title;1720;1720
ks-10-6;ks-10-6;rank-math-description;1720;1720
ks-10-9;ks-10-10;tablica-ryadom;2350;2350
ks-10-9;ks-10-6;tablica-ryadom;2350;2350
ks-10-9;ks-10-5;tablica-ryadom;2350;2350
ks-10-9;ks-10-9;tekst-kartochki;2350;2350
ks-10-9;koltsa-kolodeznye-ks;tablica-razdela;2350;2350
ks-10-9;ks-10-9;meta-rz-product;2350;2350
ks-10-9;ks-10-9;rank-math-title;2350;2350
ks-10-9;ks-10-9;rank-math-description;2350;2350
ks-15-10;ks-15-10;tekst-kartochki;4460;4460
ks-15-10;ks-15-6;tablica-ryadom;4460;4460
ks-15-10;ks-15-9;tablica-ryadom;4460;4460
ks-15-10;koltsa-kolodeznye-ks;tablica-razdela;4460;4460
ks-15-10;ks-15-10;meta-rz-product;4460;4460
ks-15-10;ks-15-10;rank-math-title;4460;4460
ks-15-10;ks-15-10;rank-math-description;4460;4460
ks-15-3;ks-15-6;tablica-ryadom;2500;2500
ks-15-3;ks-15-5;tablica-ryadom;2500;2500
ks-15-3;ks-15-3;tekst-kartochki;2500;2500
ks-15-3;koltsa-kolodeznye-ks;tablica-razdela;2500;2500
ks-15-3;ks-15-3;meta-rz-product;2500;2500
ks-15-3;ks-15-3;rank-math-title;2500;2500
ks-15-3;ks-15-3;rank-math-description;2500;2500
ks-15-5;ks-15-6;tablica-ryadom;2890;2890
ks-15-5;ks-15-5;tekst-kartochki;2890;2890
ks-15-5;ks-15-3;tablica-ryadom;2890;2890
ks-15-5;ks-15-9;tablica-ryadom;2890;2890
ks-15-5;koltsa-kolodeznye-ks;tablica-razdela;2890;2890
ks-15-5;ks-15-5;meta-rz-product;2890;2890
ks-15-5;ks-15-5;rank-math-title;2890;2890
ks-15-5;ks-15-5;rank-math-description;2890;2890
ks-15-6;ks-15-10;tablica-ryadom;2990;2990
ks-15-6;ks-15-6;tekst-kartochki;2990;2990
ks-15-6;ks-15-5;tablica-ryadom;2990;2990
ks-15-6;ks-15-3;tablica-ryadom;2990;2990
ks-15-6;ks-15-9;tablica-ryadom;2990;2990
ks-15-6;koltsa-kolodeznye-ks;tablica-razdela;2990;2990
ks-15-6;ks-15-6;meta-rz-product;2990;2990
ks-15-6;ks-15-6;rank-math-title;2990;2990
ks-15-6;ks-15-6;rank-math-description;2990;2990
ks-15-9;ks-15-10;tablica-ryadom;4160;4160
ks-15-9;ks-15-6;tablica-ryadom;4160;4160
ks-15-9;ks-15-5;tablica-ryadom;4160;4160
ks-15-9;ks-15-9;tekst-kartochki;4160;4160
ks-15-9;koltsa-kolodeznye-ks;tablica-razdela;4160;4160
ks-15-9;ks-15-9;meta-rz-product;4160;4160
ks-15-9;ks-15-9;rank-math-title;4160;4160
ks-15-9;ks-15-9;rank-math-description;4160;4160
ks-20-10;ks-20-10;tekst-kartochki;7100;7100
ks-20-10;ks-20-9;tablica-ryadom;7100;7100
ks-20-10;ks-20-6;tablica-ryadom;7100;7100
ks-20-10;koltsa-kolodeznye-ks;tablica-razdela;7100;7100
ks-20-10;ks-20-10;meta-rz-product;7100;7100
ks-20-10;ks-20-10;rank-math-title;7100;7100
ks-20-10;ks-20-10;rank-math-description;7100;7100
ks-20-3;ks-20-6;tablica-ryadom;4120;4120
ks-20-3;ks-20-5;tablica-ryadom;4120;4120
ks-20-3;ks-20-3;tekst-kartochki;4120;4120
ks-20-3;koltsa-kolodeznye-ks;tablica-razdela;4120;4120
ks-20-3;ks-20-3;meta-rz-product;4120;4120
ks-20-3;ks-20-3;rank-math-title;4120;4120
ks-20-3;ks-20-3;rank-math-description;4120;4120
ks-20-5;ks-20-9;tablica-ryadom;5140;5140
ks-20-5;ks-20-6;tablica-ryadom;5140;5140
ks-20-5;ks-20-5;tekst-kartochki;5140;5140
ks-20-5;ks-20-3;tablica-ryadom;5140;5140
ks-20-5;koltsa-kolodeznye-ks;tablica-razdela;5140;5140
ks-20-5;ks-20-5;meta-rz-product;5140;5140
ks-20-5;ks-20-5;rank-math-title;5140;5140
ks-20-5;ks-20-5;rank-math-description;5140;5140
ks-20-6;ks-20-10;tablica-ryadom;5340;5340
ks-20-6;ks-20-9;tablica-ryadom;5340;5340
ks-20-6;ks-20-6;tekst-kartochki;5340;5340
ks-20-6;ks-20-5;tablica-ryadom;5340;5340
ks-20-6;ks-20-3;tablica-ryadom;5340;5340
ks-20-6;koltsa-kolodeznye-ks;tablica-razdela;5340;5340
ks-20-6;ks-20-6;meta-rz-product;5340;5340
ks-20-6;ks-20-6;rank-math-title;5340;5340
ks-20-6;ks-20-6;rank-math-description;5340;5340
ks-20-9;ks-20-10;tablica-ryadom;6270;6270
ks-20-9;ks-20-9;tekst-kartochki;6270;6270
ks-20-9;ks-20-6;tablica-ryadom;6270;6270
ks-20-9;ks-20-5;tablica-ryadom;6270;6270
ks-20-9;koltsa-kolodeznye-ks;tablica-razdela;6270;6270
ks-20-9;ks-20-9;meta-rz-product;6270;6270
ks-20-9;ks-20-9;rank-math-title;6270;6270
ks-20-9;ks-20-9;rank-math-description;6270;6270
ks-25-6;ks-25-9;tablica-ryadom;13910;13910
ks-25-6;ks-25-6;tekst-kartochki;13910;13910
ks-25-6;koltsa-kolodeznye-ks;tablica-razdela;13910;13910
ks-25-6;ks-25-6;meta-rz-product;13910;13910
ks-25-6;ks-25-6;rank-math-title;13910;13910
ks-25-6;ks-25-6;rank-math-description;13910;13910
ks-25-9;ks-25-9;tekst-kartochki;17740;17740
ks-25-9;ks-25-6;tablica-ryadom;17740;17740
ks-25-9;koltsa-kolodeznye-ks;tablica-razdela;17740;17740
ks-25-9;ks-25-9;meta-rz-product;17740;17740
ks-25-9;ks-25-9;rank-math-title;17740;17740
ks-25-9;ks-25-9;rank-math-description;17740;17740
ks-7-0-1;ks-7-3;tablica-ryadom;740;740
ks-7-0-1;ks-7-1-5;tablica-ryadom;740;740
ks-7-0-1;ks-7-0-1;tekst-kartochki;740;740
ks-7-0-1;koltsa-kolodeznye-ks;tablica-razdela;740;740
ks-7-0-1;ks-7-0-1;meta-rz-product;740;740
ks-7-0-1;ks-7-0-1;rank-math-title;740;740
ks-7-0-1;ks-7-0-1;rank-math-description;740;740
ks-7-1-5;ks-7-5;tablica-ryadom;740;740
ks-7-1-5;ks-7-3;tablica-ryadom;740;740
ks-7-1-5;ks-7-1-5;tekst-kartochki;740;740
ks-7-1-5;ks-7-0-1;tablica-ryadom;740;740
ks-7-1-5;koltsa-kolodeznye-ks;tablica-razdela;740;740
ks-7-1-5;ks-7-1-5;meta-rz-product;740;740
ks-7-1-5;ks-7-1-5;rank-math-title;740;740
ks-7-1-5;ks-7-1-5;rank-math-description;740;740
ks-7-10;ks-7-10;tekst-kartochki;1910;1910
ks-7-10;ks-7-9;tablica-ryadom;1910;1910
ks-7-10;ks-7-6;tablica-ryadom;1910;1910
ks-7-10;koltsa-kolodeznye-ks;tablica-razdela;1910;1910
ks-7-10;ks-7-10;meta-rz-product;1910;1910
ks-7-10;ks-7-10;rank-math-title;1910;1910
ks-7-10;ks-7-10;rank-math-description;1910;1910
ks-7-3;ks-7-6;tablica-ryadom;980;980
ks-7-3;ks-7-5;tablica-ryadom;980;980
ks-7-3;ks-7-3;tekst-kartochki;980;980
ks-7-3;ks-7-1-5;tablica-ryadom;980;980
ks-7-3;ks-7-0-1;tablica-ryadom;980;980
ks-7-3;koltsa-kolodeznye-ks;tablica-razdela;980;980
ks-7-3;ks-7-3;meta-rz-product;980;980
ks-7-3;ks-7-3;rank-math-title;980;980
ks-7-3;ks-7-3;rank-math-description;980;980
ks-7-5;ks-7-9;tablica-ryadom;1220;1220
ks-7-5;ks-7-6;tablica-ryadom;1220;1220
ks-7-5;ks-7-5;tekst-kartochki;1220;1220
ks-7-5;ks-7-3;tablica-ryadom;1220;1220
ks-7-5;ks-7-1-5;tablica-ryadom;1220;1220
ks-7-5;koltsa-kolodeznye-ks;tablica-razdela;1220;1220
ks-7-5;ks-7-5;meta-rz-product;1220;1220
ks-7-5;ks-7-5;rank-math-title;1220;1220
ks-7-5;ks-7-5;rank-math-description;1220;1220
ks-7-6;ks-7-10;tablica-ryadom;1320;1320
ks-7-6;ks-7-9;tablica-ryadom;1320;1320
ks-7-6;ks-7-6;tekst-kartochki;1320;1320
ks-7-6;ks-7-5;tablica-ryadom;1320;1320
ks-7-6;ks-7-3;tablica-ryadom;1320;1320
ks-7-6;koltsa-kolodeznye-ks;tablica-razdela;1320;1320
ks-7-6;ks-7-6;meta-rz-product;1320;1320
ks-7-6;ks-7-6;rank-math-title;1320;1320
ks-7-6;ks-7-6;rank-math-description;1320;1320
ks-7-9;ks-7-10;tablica-ryadom;1810;1810
ks-7-9;ks-7-9;tekst-kartochki;1810;1810
ks-7-9;ks-7-6;tablica-ryadom;1810;1810
ks-7-9;ks-7-5;tablica-ryadom;1810;1810
ks-7-9;koltsa-kolodeznye-ks;tablica-razdela;1810;1810
ks-7-9;ks-7-9;meta-rz-product;1810;1810
ks-7-9;ks-7-9;rank-math-title;1810;1810
ks-7-9;ks-7-9;rank-math-description;1810;1810
op-1d;kco-3;tablica-ryadom;5100;5100
op-1d;uop-6;tablica-ryadom;5100;5100
op-1d;op-1d;tekst-kartochki;5100;5100
op-1d;op-1k;tablica-ryadom;5100;5100
op-1d;opornye-plity-op;tablica-razdela;5100;5100
op-1d;op-1d;meta-rz-product;5100;5100
op-1d;op-1d;rank-math-title;5100;5100
op-1d;op-1d;rank-math-description;5100;5100
op-1k;uop-6;tablica-ryadom;5100;5100
op-1k;op-1d;tablica-ryadom;5100;5100
op-1k;op-1k;tekst-kartochki;5100;5100
op-1k;opornye-plity-op;tablica-razdela;5100;5100
op-1k;op-1k;meta-rz-product;5100;5100
op-1k;op-1k;rank-math-title;5100;5100
op-1k;op-1k;rank-math-description;5100;5100
pk-10;pk-10;tekst-kartochki;3150;3150
pk-10;kryshki-kolodtsev-pp;tablica-razdela;3150;3150
pk-10;pk-10;meta-rz-product;3150;3150
pk-10;pk-10;rank-math-title;3150;3150
pk-10;pk-10;rank-math-description;3150;3150
pk-12;pk-12;tekst-kartochki;5410;5410
pk-12;pp-12-2;tablica-ryadom;5410;5410
pk-12;kryshki-kolodtsev-pp;tablica-razdela;5410;5410
pk-12;pk-12;meta-rz-product;5410;5410
pk-12;pk-12;rank-math-title;5410;5410
pk-12;pk-12;rank-math-description;5410;5410
pk-15;pk-15;tekst-kartochki;6710;6710
pk-15;pp-15-2;tablica-ryadom;6710;6710
pk-15;pp-15-1;tablica-ryadom;6710;6710
pk-15;kryshki-kolodtsev-pp;tablica-razdela;6710;6710
pk-15;pk-15;meta-rz-product;6710;6710
pk-15;pk-15;rank-math-title;6710;6710
pk-15;pk-15;rank-math-description;6710;6710
pk-20;pvg-20;tablica-ryadom;14410;14410
pk-20;pk-20;tekst-kartochki;14410;14410
pk-20;ppl-20-1;tablica-ryadom;14410;14410
pk-20;ppl-20-2;tablica-ryadom;14410;14410
pk-20;kryshki-kolodtsev-pp;tablica-razdela;14410;14410
pk-20;pk-20;meta-rz-product;14410;14410
pk-20;pk-20;rank-math-title;14410;14410
pk-20;pk-20;rank-math-description;14410;14410
pk-25;pvg-25;tablica-ryadom;33500;33500
pk-25;pk-25;tekst-kartochki;33500;33500
pk-25;kryshki-kolodtsev-pp;tablica-razdela;33500;33500
pk-25;pk-25;meta-rz-product;33500;33500
pk-25;pk-25;rank-math-title;33500;33500
pk-25;pk-25;rank-math-description;33500;33500
pn-10;pn-15;tablica-ryadom;1520;1520
pn-10;pn-12;tablica-ryadom;1520;1520
pn-10;pn-10;tekst-kartochki;1520;1520
pn-10;pn-8;tablica-ryadom;1520;1520
pn-10;pn-7;tablica-ryadom;1520;1520
pn-10;dnishcha-kolodtsev-pd;tablica-razdela;1520;1520
pn-10;pn-10;meta-rz-product;1520;1520
pn-10;pn-10;rank-math-title;1520;1520
pn-10;pn-10;rank-math-description;1520;1520
pn-12;pn-20;tablica-ryadom;2160;2160
pn-12;pn-15;tablica-ryadom;2160;2160
pn-12;pn-12;tekst-kartochki;2160;2160
pn-12;pn-10;tablica-ryadom;2160;2160
pn-12;pn-8;tablica-ryadom;2160;2160
pn-12;dnishcha-kolodtsev-pd;tablica-razdela;2160;2160
pn-12;pn-12;meta-rz-product;2160;2160
pn-12;pn-12;rank-math-title;2160;2160
pn-12;pn-12;rank-math-description;2160;2160
pn-15;pn-25;tablica-ryadom;3330;3330
pn-15;pn-20;tablica-ryadom;3330;3330
pn-15;pn-15;tekst-kartochki;3330;3330
pn-15;pn-12;tablica-ryadom;3330;3330
pn-15;pn-10;tablica-ryadom;3330;3330
pn-15;dnishcha-kolodtsev-pd;tablica-razdela;3330;3330
pn-15;pn-15;meta-rz-product;3330;3330
pn-15;pn-15;rank-math-title;3330;3330
pn-15;pn-15;rank-math-description;3330;3330
pn-20;pn-25;tablica-ryadom;5930;5930
pn-20;pn-20;tekst-kartochki;5930;5930
pn-20;pn-15;tablica-ryadom;5930;5930
pn-20;pn-12;tablica-ryadom;5930;5930
pn-20;dnishcha-kolodtsev-pd;tablica-razdela;5930;5930
pn-20;pn-20;meta-rz-product;5930;5930
pn-20;pn-20;rank-math-title;5930;5930
pn-20;pn-20;rank-math-description;5930;5930
pn-25;pn-25;tekst-kartochki;18480;18480
pn-25;pn-20;tablica-ryadom;18480;18480
pn-25;pn-15;tablica-ryadom;18480;18480
pn-25;dnishcha-kolodtsev-pd;tablica-razdela;18480;18480
pn-25;pn-25;meta-rz-product;18480;18480
pn-25;pn-25;rank-math-title;18480;18480
pn-25;pn-25;rank-math-description;18480;18480
pn-7;pn-10;tablica-ryadom;890;890
pn-7;pn-8;tablica-ryadom;890;890
pn-7;pn-7;tekst-kartochki;890;890
pn-7;dnishcha-kolodtsev-pd;tablica-razdela;890;890
pn-7;pn-7;meta-rz-product;890;890
pn-7;pn-7;rank-math-title;890;890
pn-7;pn-7;rank-math-description;890;890
pn-8;pn-12;tablica-ryadom;1520;1520
pn-8;pn-10;tablica-ryadom;1520;1520
pn-8;pn-8;tekst-kartochki;1520;1520
pn-8;pn-7;tablica-ryadom;1520;1520
pn-8;dnishcha-kolodtsev-pd;tablica-razdela;1520;1520
pn-8;pn-8;meta-rz-product;1520;1520
pn-8;pn-8;rank-math-title;1520;1520
pn-8;pn-8;rank-math-description;1520;1520
pp-10-1;pvg-15;tablica-ryadom;1470;1470
pp-10-1;pk-10;tablica-ryadom;1470;1470
pp-10-1;ppz-10-2;tablica-ryadom;1470;1470
pp-10-1;pp-25-2;tablica-ryadom;1470;1470
pp-10-1;pp-10-2;tablica-ryadom;1470;1470
pp-10-1;pp-10-1;tekst-kartochki;1470;1470
pp-10-1;pp-8-1;tablica-ryadom;1470;1470
pp-10-1;kryshki-kolodtsev-pp;tablica-razdela;1470;1470
pp-10-1;pp-10-1;meta-rz-product;1470;1470
pp-10-1;pp-10-1;rank-math-title;1470;1470
pp-10-1;pp-10-1;rank-math-description;1470;1470
pp-10-2;pvg-15;tablica-ryadom;1810;1810
pp-10-2;pk-10;tablica-ryadom;1810;1810
pp-10-2;ppz-10-1;tablica-ryadom;1810;1810
pp-10-2;ppz-10-2;tablica-ryadom;1810;1810
pp-10-2;pp-25-2;tablica-ryadom;1810;1810
pp-10-2;pp-10-2;tekst-kartochki;1810;1810
pp-10-2;pp-10-1;tablica-ryadom;1810;1810
pp-10-2;pp-8-1;tablica-ryadom;1810;1810
pp-10-2;kryshki-kolodtsev-pp;tablica-razdela;1810;1810
pp-10-2;pp-10-2;meta-rz-product;1810;1810
pp-10-2;pp-10-2;rank-math-title;1810;1810
pp-10-2;pp-10-2;rank-math-description;1810;1810
pp-12-2;pk-12;tablica-ryadom;2300;2300
pp-12-2;pp-12-2;tekst-kartochki;2300;2300
pp-12-2;kryshki-kolodtsev-pp;tablica-razdela;2300;2300
pp-12-2;pp-12-2;meta-rz-product;2300;2300
pp-12-2;pp-12-2;rank-math-title;2300;2300
pp-12-2;pp-12-2;rank-math-description;2300;2300
pp-15-1;pk-15;tablica-ryadom;3410;3410
pp-15-1;ppz-15-2;tablica-ryadom;3410;3410
pp-15-1;pp-15-2;tablica-ryadom;3410;3410
pp-15-1;pp-15-1;tekst-kartochki;3410;3410
pp-15-1;kryshki-kolodtsev-pp;tablica-razdela;3410;3410
pp-15-1;pp-15-1;meta-rz-product;3410;3410
pp-15-1;pp-15-1;rank-math-title;3410;3410
pp-15-1;pp-15-1;rank-math-description;3410;3410
pp-15-2;pk-15;tablica-ryadom;3680;3680
pp-15-2;ppz-15-1;tablica-ryadom;3680;3680
pp-15-2;ppz-15-2;tablica-ryadom;3680;3680
pp-15-2;pp-15-2;tekst-kartochki;3680;3680
pp-15-2;pp-15-1;tablica-ryadom;3680;3680
pp-15-2;kryshki-kolodtsev-pp;tablica-razdela;3680;3680
pp-15-2;pp-15-2;meta-rz-product;3680;3680
pp-15-2;pp-15-2;rank-math-title;3680;3680
pp-15-2;pp-15-2;rank-math-description;3680;3680
pp-20-1;ppz-20-2;tablica-ryadom;5830;5830
pp-20-1;pp-20-2;tablica-ryadom;5830;5830
pp-20-1;pp-20-1;tekst-kartochki;5830;5830
pp-20-1;kryshki-kolodtsev-pp;tablica-razdela;5830;5830
pp-20-1;pp-20-1;meta-rz-product;5830;5830
pp-20-1;pp-20-1;rank-math-title;5830;5830
pp-20-1;pp-20-1;rank-math-description;5830;5830
pp-20-2;ppz-20-1;tablica-ryadom;6810;6810
pp-20-2;ppz-20-2;tablica-ryadom;6810;6810
pp-20-2;pp-20-2;tekst-kartochki;6810;6810
pp-20-2;pp-20-1;tablica-ryadom;6810;6810
pp-20-2;kryshki-kolodtsev-pp;tablica-razdela;6810;6810
pp-20-2;pp-20-2;meta-rz-product;6810;6810
pp-20-2;pp-20-2;rank-math-title;6810;6810
pp-20-2;pp-20-2;rank-math-description;6810;6810
pp-25-2;pp-25-2;tekst-kartochki;20790;20790
pp-25-2;kryshki-kolodtsev-pp;tablica-razdela;20790;20790
pp-25-2;pp-25-2;meta-rz-product;20790;20790
pp-25-2;pp-25-2;rank-math-title;20790;20790
pp-25-2;pp-25-2;rank-math-description;20790;20790
pp-8-1;pvg-15;tablica-ryadom;1420;1420
pp-8-1;pk-10;tablica-ryadom;1420;1420
pp-8-1;pp-25-2;tablica-ryadom;1420;1420
pp-8-1;pp-8-1;tekst-kartochki;1420;1420
pp-8-1;kryshki-kolodtsev-pp;tablica-razdela;1420;1420
pp-8-1;pp-8-1;meta-rz-product;1420;1420
pp-8-1;pp-8-1;rank-math-title;1420;1420
pp-8-1;pp-8-1;rank-math-description;1420;1420
ppl-10-1;ppl-10-1;tekst-kartochki;3100;3100
ppl-10-1;ppl-10-2;tablica-ryadom;3100;3100
ppl-10-1;ppz-10-1;tablica-ryadom;3100;3100
ppl-10-1;kryshki-kolodtsev-pp;tablica-razdela;3100;3100
ppl-10-1;ppl-10-1;meta-rz-product;3100;3100
ppl-10-1;ppl-10-1;rank-math-title;3100;3100
ppl-10-1;ppl-10-1;rank-math-description;3100;3100
ppl-10-2;ppl-10-1;tablica-ryadom;3500;3500
ppl-10-2;ppl-10-2;tekst-kartochki;3500;3500
ppl-10-2;ppz-10-1;tablica-ryadom;3500;3500
ppl-10-2;ppz-10-2;tablica-ryadom;3500;3500
ppl-10-2;kryshki-kolodtsev-pp;tablica-razdela;3500;3500
ppl-10-2;ppl-10-2;meta-rz-product;3500;3500
ppl-10-2;ppl-10-2;rank-math-title;3500;3500
ppl-10-2;ppl-10-2;rank-math-description;3500;3500
ppl-15-1;ppl-15-1;tekst-kartochki;5410;5410
ppl-15-1;ppl-15-2;tablica-ryadom;5410;5410
ppl-15-1;ppz-15-1;tablica-ryadom;5410;5410
ppl-15-1;kryshki-kolodtsev-pp;tablica-razdela;5410;5410
ppl-15-1;ppl-15-1;meta-rz-product;5410;5410
ppl-15-1;ppl-15-1;rank-math-title;5410;5410
ppl-15-1;ppl-15-1;rank-math-description;5410;5410
ppl-15-2;ppl-15-1;tablica-ryadom;5930;5930
ppl-15-2;ppl-15-2;tekst-kartochki;5930;5930
ppl-15-2;ppz-15-1;tablica-ryadom;5930;5930
ppl-15-2;ppz-15-2;tablica-ryadom;5930;5930
ppl-15-2;kryshki-kolodtsev-pp;tablica-razdela;5930;5930
ppl-15-2;ppl-15-2;meta-rz-product;5930;5930
ppl-15-2;ppl-15-2;rank-math-title;5930;5930
ppl-15-2;ppl-15-2;rank-math-description;5930;5930
ppl-20-1;pvg-20;tablica-ryadom;7350;7350
ppl-20-1;pk-20;tablica-ryadom;7350;7350
ppl-20-1;ppl-20-1;tekst-kartochki;7350;7350
ppl-20-1;ppl-20-2;tablica-ryadom;7350;7350
ppl-20-1;ppz-20-1;tablica-ryadom;7350;7350
ppl-20-1;kryshki-kolodtsev-pp;tablica-razdela;7350;7350
ppl-20-1;ppl-20-1;meta-rz-product;7350;7350
ppl-20-1;ppl-20-1;rank-math-title;7350;7350
ppl-20-1;ppl-20-1;rank-math-description;7350;7350
ppl-20-2;pk-20;tablica-ryadom;8660;8660
ppl-20-2;ppl-20-1;tablica-ryadom;8660;8660
ppl-20-2;ppl-20-2;tekst-kartochki;8660;8660
ppl-20-2;ppz-20-1;tablica-ryadom;8660;8660
ppl-20-2;ppz-20-2;tablica-ryadom;8660;8660
ppl-20-2;kryshki-kolodtsev-pp;tablica-razdela;8660;8660
ppl-20-2;ppl-20-2;meta-rz-product;8660;8660
ppl-20-2;ppl-20-2;rank-math-title;8660;8660
ppl-20-2;ppl-20-2;rank-math-description;8660;8660
ppz-10-1;ppl-10-1;tablica-ryadom;1580;1580
ppz-10-1;ppl-10-2;tablica-ryadom;1580;1580
ppz-10-1;ppz-10-1;tekst-kartochki;1580;1580
ppz-10-1;ppz-10-2;tablica-ryadom;1580;1580
ppz-10-1;pp-10-2;tablica-ryadom;1580;1580
ppz-10-1;pp-8-1;tablica-ryadom;1580;1580
ppz-10-1;kryshki-kolodtsev-pp;tablica-razdela;1580;1580
ppz-10-1;ppz-10-1;meta-rz-product;1580;1580
ppz-10-1;ppz-10-1;rank-math-title;1580;1580
ppz-10-1;ppz-10-1;rank-math-description;1580;1580
ppz-10-2;pvg-15;tablica-ryadom;2150;2150
ppz-10-2;pk-10;tablica-ryadom;2150;2150
ppz-10-2;ppl-10-2;tablica-ryadom;2150;2150
ppz-10-2;ppz-10-1;tablica-ryadom;2150;2150
ppz-10-2;ppz-10-2;tekst-kartochki;2150;2150
ppz-10-2;pp-25-2;tablica-ryadom;2150;2150
ppz-10-2;pp-10-2;tablica-ryadom;2150;2150
ppz-10-2;pp-10-1;tablica-ryadom;2150;2150
ppz-10-2;pp-8-1;tablica-ryadom;2150;2150
ppz-10-2;kryshki-kolodtsev-pp;tablica-razdela;2150;2150
ppz-10-2;ppz-10-2;meta-rz-product;2150;2150
ppz-10-2;ppz-10-2;rank-math-title;2150;2150
ppz-10-2;ppz-10-2;rank-math-description;2150;2150
ppz-15-1;ppl-15-1;tablica-ryadom;3780;3780
ppz-15-1;ppl-15-2;tablica-ryadom;3780;3780
ppz-15-1;ppz-15-1;tekst-kartochki;3780;3780
ppz-15-1;ppz-15-2;tablica-ryadom;3780;3780
ppz-15-1;pp-15-2;tablica-ryadom;3780;3780
ppz-15-1;kryshki-kolodtsev-pp;tablica-razdela;3780;3780
ppz-15-1;ppz-15-1;meta-rz-product;3780;3780
ppz-15-1;ppz-15-1;rank-math-title;3780;3780
ppz-15-1;ppz-15-1;rank-math-description;3780;3780
ppz-15-2;ppl-15-2;tablica-ryadom;4830;4830
ppz-15-2;ppz-15-1;tablica-ryadom;4830;4830
ppz-15-2;ppz-15-2;tekst-kartochki;4830;4830
ppz-15-2;pp-15-2;tablica-ryadom;4830;4830
ppz-15-2;pp-15-1;tablica-ryadom;4830;4830
ppz-15-2;kryshki-kolodtsev-pp;tablica-razdela;4830;4830
ppz-15-2;ppz-15-2;meta-rz-product;4830;4830
ppz-15-2;ppz-15-2;rank-math-title;4830;4830
ppz-15-2;ppz-15-2;rank-math-description;4830;4830
ppz-20-1;ppl-20-1;tablica-ryadom;7510;7510
ppz-20-1;ppl-20-2;tablica-ryadom;7510;7510
ppz-20-1;ppz-20-1;tekst-kartochki;7510;7510
ppz-20-1;ppz-20-2;tablica-ryadom;7510;7510
ppz-20-1;pp-20-2;tablica-ryadom;7510;7510
ppz-20-1;kryshki-kolodtsev-pp;tablica-razdela;7510;7510
ppz-20-1;ppz-20-1;meta-rz-product;7510;7510
ppz-20-1;ppz-20-1;rank-math-title;7510;7510
ppz-20-1;ppz-20-1;rank-math-description;7510;7510
ppz-20-2;ppl-20-2;tablica-ryadom;8820;8820
ppz-20-2;ppz-20-1;tablica-ryadom;8820;8820
ppz-20-2;ppz-20-2;tekst-kartochki;8820;8820
ppz-20-2;pp-20-2;tablica-ryadom;8820;8820
ppz-20-2;pp-20-1;tablica-ryadom;8820;8820
ppz-20-2;kryshki-kolodtsev-pp;tablica-razdela;8820;8820
ppz-20-2;ppz-20-2;meta-rz-product;8820;8820
ppz-20-2;ppz-20-2;rank-math-title;8820;8820
ppz-20-2;ppz-20-2;rank-math-description;8820;8820
pvg-15;pvg-15;tekst-kartochki;8240;8240
pvg-15;kryshki-kolodtsev-pp;tablica-razdela;8240;8240
pvg-15;pvg-15;meta-rz-product;8240;8240
pvg-15;pvg-15;rank-math-title;8240;8240
pvg-15;pvg-15;rank-math-description;8240;8240
pvg-20;pvg-20;tekst-kartochki;15190;15190
pvg-20;pk-20;tablica-ryadom;15190;15190
pvg-20;ppl-20-1;tablica-ryadom;15190;15190
pvg-20;kryshki-kolodtsev-pp;tablica-razdela;15190;15190
pvg-20;pvg-20;meta-rz-product;15190;15190
pvg-20;pvg-20;rank-math-title;15190;15190
pvg-20;pvg-20;rank-math-description;15190;15190
pvg-25;pvg-25;tekst-kartochki;33500;33500
pvg-25;pk-25;tablica-ryadom;33500;33500
pvg-25;kryshki-kolodtsev-pp;tablica-razdela;33500;33500
pvg-25;pvg-25;meta-rz-product;33500;33500
pvg-25;pvg-25;rank-math-title;33500;33500
pvg-25;pvg-25;rank-math-description;33500;33500
stk-10;st-2;tablica-ryadom;17631;17631
stk-10;st-1;tablica-ryadom;17631;17631
stk-10;stk-13;tablica-ryadom;17631;17631
stk-10;stk-12;tablica-ryadom;17631;17631
stk-10;stk-11;tablica-ryadom;17631;17631
stk-10;stk-10;tekst-kartochki;17631;17631
stk-10;otkosnye-stenki;tablica-razdela;17631;17631
stk-10;stk-10;meta-rz-product;17631;17631
stk-10;stk-10;rank-math-description;17631;17631
stk-11;st-2;tablica-ryadom;21371;21371
stk-11;st-1;tablica-ryadom;21371;21371
stk-11;stk-13;tablica-ryadom;21371;21371
stk-11;stk-12;tablica-ryadom;21371;21371
stk-11;stk-11;tekst-kartochki;21371;21371
stk-11;stk-10;tablica-ryadom;21371;21371
stk-11;otkosnye-stenki;tablica-razdela;21371;21371
stk-11;stk-11;meta-rz-product;21371;21371
stk-11;stk-11;rank-math-description;21371;21371
stk-12;st-2;tablica-ryadom;28180;28180
stk-12;st-1;tablica-ryadom;28180;28180
stk-12;stk-13;tablica-ryadom;28180;28180
stk-12;stk-12;tekst-kartochki;28180;28180
stk-12;stk-11;tablica-ryadom;28180;28180
stk-12;stk-10;tablica-ryadom;28180;28180
stk-12;otkosnye-stenki;tablica-razdela;28180;28180
stk-12;stk-12;meta-rz-product;28180;28180
stk-12;stk-12;rank-math-description;28180;28180
stk-13;st-2;tablica-ryadom;36938;36938
stk-13;st-1;tablica-ryadom;36938;36938
stk-13;stk-13;tekst-kartochki;36938;36938
stk-13;stk-12;tablica-ryadom;36938;36938
stk-13;stk-11;tablica-ryadom;36938;36938
stk-13;stk-10;tablica-ryadom;36938;36938
stk-13;otkosnye-stenki;tablica-razdela;36938;36938
stk-13;stk-13;meta-rz-product;36938;36938
stk-13;stk-13;rank-math-description;36938;36938
uop-6;kco-3;tablica-ryadom;12400;12400
uop-6;uop-6;tekst-kartochki;12400;12400
uop-6;op-1d;tablica-ryadom;12400;12400
uop-6;op-1k;tablica-ryadom;12400;12400
uop-6;opornye-plity-op;tablica-razdela;12400;12400
uop-6;uop-6;meta-rz-product;12400;12400
uop-6;uop-6;rank-math-title;12400;12400
uop-6;uop-6;rank-math-description;12400;12400
vd-8;vd-8;tekst-kartochki;5640;5640
vd-8;vs-10;tablica-ryadom;5640;5640
vd-8;vg-10;tablica-ryadom;5640;5640
vd-8;kolodtsy-unifitsirovannye;tablica-razdela;5640;5640
vd-8;vd-8;meta-rz-product;5640;5640
vd-8;vd-8;rank-math-title;5640;5640
vd-8;vd-8;rank-math-description;5640;5640
vg-10;vd-8;tablica-ryadom;9160;9160
vg-10;vs-10;tablica-ryadom;9160;9160
vg-10;vg-12;tablica-ryadom;9160;9160
vg-10;vg-10;tekst-kartochki;9160;9160
vg-10;kolodtsy-unifitsirovannye;tablica-razdela;9160;9160
vg-10;vg-10;meta-rz-product;9160;9160
vg-10;vg-10;rank-math-title;9160;9160
vg-10;vg-10;rank-math-description;9160;9160
vg-12;vs-12;tablica-ryadom;12250;12250
vg-12;vs-10;tablica-ryadom;12250;12250
vg-12;vg-15;tablica-ryadom;12250;12250
vg-12;vg-12;tekst-kartochki;12250;12250
vg-12;vg-10;tablica-ryadom;12250;12250
vg-12;kolodtsy-unifitsirovannye;tablica-razdela;12250;12250
vg-12;vg-12;meta-rz-product;12250;12250
vg-12;vg-12;rank-math-title;12250;12250
vg-12;vg-12;rank-math-description;12250;12250
vg-15;vs-15;tablica-ryadom;14550;14550
vg-15;vs-12;tablica-ryadom;14550;14550
vg-15;vg-20;tablica-ryadom;14550;14550
vg-15;vg-15;tekst-kartochki;14550;14550
vg-15;vg-12;tablica-ryadom;14550;14550
vg-15;kolodtsy-unifitsirovannye;tablica-razdela;14550;14550
vg-15;vg-15;meta-rz-product;14550;14550
vg-15;vg-15;rank-math-title;14550;14550
vg-15;vg-15;rank-math-description;14550;14550
vg-20;vs-15;tablica-ryadom;30180;30180
vg-20;vg-20;tekst-kartochki;30180;30180
vg-20;vg-15;tablica-ryadom;30180;30180
vg-20;kolodtsy-unifitsirovannye;tablica-razdela;30180;30180
vg-20;vg-20;meta-rz-product;30180;30180
vg-20;vg-20;rank-math-title;30180;30180
vg-20;vg-20;rank-math-description;30180;30180
vs-10;vd-8;tablica-ryadom;8380;8380
vs-10;vs-12;tablica-ryadom;8380;8380
vs-10;vs-10;tekst-kartochki;8380;8380
vs-10;vg-12;tablica-ryadom;8380;8380
vs-10;vg-10;tablica-ryadom;8380;8380
vs-10;kolodtsy-unifitsirovannye;tablica-razdela;8380;8380
vs-10;vs-10;meta-rz-product;8380;8380
vs-10;vs-10;rank-math-title;8380;8380
vs-10;vs-10;rank-math-description;8380;8380
vs-12;vs-15;tablica-ryadom;11470;11470
vs-12;vs-12;tekst-kartochki;11470;11470
vs-12;vs-10;tablica-ryadom;11470;11470
vs-12;vg-15;tablica-ryadom;11470;11470
vs-12;vg-12;tablica-ryadom;11470;11470
vs-12;kolodtsy-unifitsirovannye;tablica-razdela;11470;11470
vs-12;vs-12;meta-rz-product;11470;11470
vs-12;vs-12;rank-math-title;11470;11470
vs-12;vs-12;rank-math-description;11470;11470
vs-15;vs-15;tekst-kartochki;14360;14360
vs-15;vs-12;tablica-ryadom;14360;14360
vs-15;vg-20;tablica-ryadom;14360;14360
vs-15;vg-15;tablica-ryadom;14360;14360
vs-15;kolodtsy-unifitsirovannye;tablica-razdela;14360;14360
vs-15;vs-15;meta-rz-product;14360;14360
vs-15;vs-15;rank-math-title;14360;14360
vs-15;vs-15;rank-math-description;14360;14360
zk-1-100;zk-3-150;tablica-ryadom;3436;3436
zk-1-100;zk-3-100;tablica-ryadom;3436;3436
zk-1-100;zk-2-100;tablica-ryadom;3436;3436
zk-1-100;zk-1-100;tekst-kartochki;3436;3436
zk-1-100;vodopropusknye-truby-zk;tablica-razdela;3436;3436
zk-1-100;zk-1-100;meta-rz-product;3436;3436
zk-1-100;zk-1-100;rank-math-description;3436;3436
zk-14-132;zk-8-200;tablica-ryadom;13530;13530
zk-14-132;zk-8-150;tablica-ryadom;13530;13530
zk-14-132;zk-8-100;tablica-ryadom;13530;13530
zk-14-132;zk-14-132;tekst-kartochki;13530;13530
zk-14-132;zk-3-200;tablica-ryadom;13530;13530
zk-14-132;zk-3-150;tablica-ryadom;13530;13530
zk-14-132;zk-3-100;tablica-ryadom;13530;13530
zk-14-132;zk-2-100;tablica-ryadom;13530;13530
zk-14-132;zk-1-100;tablica-ryadom;13530;13530
zk-14-132;vodopropusknye-truby-zk;tablica-razdela;13530;13530
zk-14-132;zk-14-132;meta-rz-product;13530;13530
zk-14-132;zk-14-132;rank-math-description;13530;13530
zk-16-132;zk-9-200;tablica-ryadom;26001;26001
zk-16-132;zk-9-100;tablica-ryadom;26001;26001
zk-16-132;zk-16-132;tekst-kartochki;26001;26001
zk-16-132;zk-8-200;tablica-ryadom;26001;26001
zk-16-132;zk-8-150;tablica-ryadom;26001;26001
zk-16-132;vodopropusknye-truby-zk;tablica-razdela;26001;26001
zk-16-132;zk-16-132;meta-rz-product;26001;26001
zk-16-132;zk-16-132;rank-math-description;26001;26001
zk-2-100;zk-3-200;tablica-ryadom;4812;4812
zk-2-100;zk-3-150;tablica-ryadom;4812;4812
zk-2-100;zk-3-100;tablica-ryadom;4812;4812
zk-2-100;zk-2-100;tekst-kartochki;4812;4812
zk-2-100;zk-1-100;tablica-ryadom;4812;4812
zk-2-100;vodopropusknye-truby-zk;tablica-razdela;4812;4812
zk-2-100;zk-2-100;meta-rz-product;4812;4812
zk-2-100;zk-2-100;rank-math-description;4812;4812
zk-3-100;zk-14-132;tablica-ryadom;8078;8078
zk-3-100;zk-3-200;tablica-ryadom;8078;8078
zk-3-100;zk-3-150;tablica-ryadom;8078;8078
zk-3-100;zk-3-100;tekst-kartochki;8078;8078
zk-3-100;zk-2-100;tablica-ryadom;8078;8078
zk-3-100;zk-1-100;tablica-ryadom;8078;8078
zk-3-100;vodopropusknye-truby-zk;tablica-razdela;8078;8078
zk-3-100;zk-3-100;meta-rz-product;8078;8078
zk-3-100;zk-3-100;rank-math-description;8078;8078
zk-3-150;zk-8-100;tablica-ryadom;12430;12430
zk-3-150;zk-14-132;tablica-ryadom;12430;12430
zk-3-150;zk-3-200;tablica-ryadom;12430;12430
zk-3-150;zk-3-150;tekst-kartochki;12430;12430
zk-3-150;zk-3-100;tablica-ryadom;12430;12430
zk-3-150;zk-2-100;tablica-ryadom;12430;12430
zk-3-150;zk-1-100;tablica-ryadom;12430;12430
zk-3-150;vodopropusknye-truby-zk;tablica-razdela;12430;12430
zk-3-150;zk-3-150;meta-rz-product;12430;12430
zk-3-150;zk-3-150;rank-math-description;12430;12430
zk-3-200;zk-8-150;tablica-ryadom;15855;15855
zk-3-200;zk-8-100;tablica-ryadom;15855;15855
zk-3-200;zk-14-132;tablica-ryadom;15855;15855
zk-3-200;zk-3-200;tekst-kartochki;15855;15855
zk-3-200;zk-3-150;tablica-ryadom;15855;15855
zk-3-200;zk-3-100;tablica-ryadom;15855;15855
zk-3-200;zk-2-100;tablica-ryadom;15855;15855
zk-3-200;zk-1-100;tablica-ryadom;15855;15855
zk-3-200;vodopropusknye-truby-zk;tablica-razdela;15855;15855
zk-3-200;zk-3-200;meta-rz-product;15855;15855
zk-3-200;zk-3-200;rank-math-description;15855;15855
zk-8-100;zk-9-200;tablica-ryadom;17246;17246
zk-8-100;zk-9-100;tablica-ryadom;17246;17246
zk-8-100;zk-16-132;tablica-ryadom;17246;17246
zk-8-100;zk-8-200;tablica-ryadom;17246;17246
zk-8-100;zk-8-150;tablica-ryadom;17246;17246
zk-8-100;zk-8-100;tekst-kartochki;17246;17246
zk-8-100;zk-14-132;tablica-ryadom;17246;17246
zk-8-100;zk-3-200;tablica-ryadom;17246;17246
zk-8-100;vodopropusknye-truby-zk;tablica-razdela;17246;17246
zk-8-100;zk-8-100;meta-rz-product;17246;17246
zk-8-100;zk-8-100;rank-math-description;17246;17246
zk-8-150;zk-9-200;tablica-ryadom;23559;23559
zk-8-150;zk-9-100;tablica-ryadom;23559;23559
zk-8-150;zk-16-132;tablica-ryadom;23559;23559
zk-8-150;zk-8-200;tablica-ryadom;23559;23559
zk-8-150;zk-8-150;tekst-kartochki;23559;23559
zk-8-150;zk-8-100;tablica-ryadom;23559;23559
zk-8-150;zk-14-132;tablica-ryadom;23559;23559
zk-8-150;vodopropusknye-truby-zk;tablica-razdela;23559;23559
zk-8-150;zk-8-150;meta-rz-product;23559;23559
zk-8-150;zk-8-150;rank-math-description;23559;23559
zk-8-200;zk-9-200;tablica-ryadom;31508;31508
zk-8-200;zk-9-100;tablica-ryadom;31508;31508
zk-8-200;zk-16-132;tablica-ryadom;31508;31508
zk-8-200;zk-8-200;tekst-kartochki;31508;31508
zk-8-200;zk-8-150;tablica-ryadom;31508;31508
zk-8-200;zk-8-100;tablica-ryadom;31508;31508
zk-8-200;vodopropusknye-truby-zk;tablica-razdela;31508;31508
zk-8-200;zk-8-200;meta-rz-product;31508;31508
zk-8-200;zk-8-200;rank-math-description;31508;31508
zk-9-100;zk-9-200;tablica-ryadom;20800;20800
zk-9-100;zk-9-100;tekst-kartochki;20800;20800
zk-9-100;zk-16-132;tablica-ryadom;20800;20800
zk-9-100;zk-8-200;tablica-ryadom;20800;20800
zk-9-100;vodopropusknye-truby-zk;tablica-razdela;20800;20800
zk-9-100;zk-9-100;meta-rz-product;20800;20800
zk-9-100;zk-9-100;rank-math-description;20800;20800
zk-9-200;zk-9-200;tekst-kartochki;37510;37510
zk-9-200;zk-9-100;tablica-ryadom;37510;37510
zk-9-200;zk-16-132;tablica-ryadom;37510;37510
zk-9-200;vodopropusknye-truby-zk;tablica-razdela;37510;37510
zk-9-200;zk-9-200;meta-rz-product;37510;37510
zk-9-200;zk-9-200;rank-math-description;37510;37510
