url;http_kod;bayt;title;description;og_image;og_title;h1_shtuk
https://regiongbi.ru/blog/;200;98436;Статьи о ЖБИ — маркировка, ГОСТ, подбор изделий;Статьи о ЖБИ для инженерных сетей и дорожного строительства: подбор марок, расчёт колодцев, комплекты водопропускных труб, классы люков.;https://regiongbi.ru/og-default.png;Статьи о ЖБИ — маркировка, ГОСТ, подбор изделий;1
https://regiongbi.ru/fundament-f1-pod-dorozhnye-znaki/;200;102856;Фундамент Ф-1 под дорожный знак: вес, цена, установка;Что такое фундамент Ф-1 по серии 3.503.9-80: размеры 1100×700×700 мм, масса 850 кг, цена. Сколько блоков нужно на знак и на щитовую конструкцию, как считать поставку.;https://regiongbi.ru/og-default.png;Фундамент Ф-1 под дорожный знак: вес, цена, установка;1
https://regiongbi.ru/lekalnye-bloki-bl-zachem-nuzhny/;200;101836;Лекальные блоки БЛ: зачем нужны под звенья труб;Зачем под круглое звено водопропускной трубы нужен лекальный блок БЛ, как он работает и как подобрать под диаметр. Когда нужен, а когда нет. РегионЖБИ, ЦФО.;https://regiongbi.ru/og-default.png;Лекальные блоки БЛ: зачем нужны под звенья труб;1
https://regiongbi.ru/portalnye-ili-otkosnye-stenki/;200;104249;Портальные и откосные стенки СТК: что где ставят;Чем портальная стенка отличается от откосной у водопропускной трубы, сколько стенок на оголовок, как подобрать по диаметру и насыпи. РегионЖБИ, ЦФО.;https://regiongbi.ru/og-default.png;Портальные и откосные стенки СТК: что где ставят;1
https://regiongbi.ru/zk-ili-zkp-v-chem-raznica/;200;105844;ЗК или ЗКП: круглые звенья и звенья на плоском опирании;Чем звено круглой трубы ЗК отличается от звена на плоском опирании ЗКП: опирание, основание, лекальные блоки, подбор под грунт и насыпь. РегионЖБИ, ЦФО.;https://regiongbi.ru/og-default.png;ЗК или ЗКП: круглые звенья и звенья на плоском опирании;1
https://regiongbi.ru/komplekt-vodopropusknoy-truby/;200;104956;Комплект водопропускной трубы: звенья ЗК, блоки БЛ, оголовки;Что входит в водопропускную трубу под дорогой: звенья ЗК и ЗКП, лекальные блоки БЛ, портальные и откосные стенки. Цены, массы и пример расчёта на трубу Ø1000.;https://regiongbi.ru/og-default.png;Комплект водопропускной трубы: звенья ЗК, блоки БЛ, оголовки;1
https://regiongbi.ru/kak-podobrat-lotok-nkl/;200;100744;Как подобрать лоток НКЛ по сечению канала;Как подобрать лоток НКЛ по сечению канала: диаметр и число труб, зазоры, глубина, плита днища ЛД и перекрытие ВП, серия 3.006. РегионЖБИ, ЦФО.;https://regiongbi.ru/og-default.png;Как подобрать лоток НКЛ по сечению канала;1
https://regiongbi.ru/vp-ili-pk-v-chem-raznica/;200;108744;ВП или ПК: в чём разница плит перекрытия;Чем плита перекрытия канала ВП отличается от пустотной ПК/ПБ для зданий: назначение, серия, маркировка, нагрузка. Как не заказать не то. РегионЖБИ, ЦФО.;https://regiongbi.ru/og-default.png;ВП или ПК: в чём разница плит перекрытия;1
https://regiongbi.ru/kak-sobrat-kolodec-komplektom/;200;110572;Как собрать колодец комплектом: днище, кольца, люк;Из чего собирается сборный железобетонный колодец: днище ПД, кольца КС, плита перекрытия ПП, опорная плита ОП, люк. Порядок сборки и комплект по ГОСТ 8020-2016.;https://regiongbi.ru/og-default.png;Как собрать колодец комплектом: днище, кольца, люк;1
https://regiongbi.ru/kolodtsy-vg-vs-vd-otlichiya/;200;115783;Колодцы ВГ, ВС, ВД: чем отличаются и какой выбрать;Унифицированные колодцы ВГ, ВС и ВД: что означают буквы, для каких сетей каждый тип и как подобрать марку по диаметру камеры. Гид для снабженцев.;https://regiongbi.ru/og-default.png;Колодцы ВГ, ВС, ВД: чем отличаются и какой выбрать;1
https://regiongbi.ru/kcd-ili-kolco-s-dnishchem/;200;100721;КЦД или кольцо КС с днищем ПД: что выбрать;Чем кольцо с дном КЦД отличается от кольца КС на отдельной плите днища ПД: герметичность, монтаж, когда что брать. РегионЖБИ, ЦФО.;https://regiongbi.ru/og-default.png;КЦД или кольцо КС с днищем ПД: что выбрать;1
https://regiongbi.ru/zhbi-dlya-livnevoy-kanalizacii/;200;101949;ЖБИ для ливневой канализации: кольца, дождеприёмники;Из чего собирают ливневую канализацию: кольца КС, дождеприёмный колодец с ОП-1Д, люки по классу нагрузки, подбор. РегионЖБИ, ЦФО.;https://regiongbi.ru/og-default.png;ЖБИ для ливневой канализации: кольца, дождеприёмники;1
https://regiongbi.ru/fbs-kak-poschitat-kolichestvo/;200;101716;ФБС для фундамента: как посчитать количество блоков;Как посчитать количество блоков ФБС для фундамента: размеры по ГОСТ 13579-2018, число рядов, доборные ФБС 12 и 9, ширина под стену. РегионЖБИ, ЦФО.;https://regiongbi.ru/og-default.png;ФБС для фундамента: как посчитать количество блоков;1
https://regiongbi.ru/fbs-ili-monolitnyy-fundament/;200;100281;ФБС или монолитная лента: чем блочный фундамент удобнее;ФБС или монолитный ленточный фундамент: срок, трудозатраты, погода, когда что выгоднее, как посчитать блоки. РегионЖБИ, ЦФО.;https://regiongbi.ru/og-default.png;ФБС или монолитная лента: чем блочный фундамент удобнее;1
https://regiongbi.ru/drenazhnyy-kolodec-iz-kolec/;200;105078;Дренажный колодец из бетонных колец: подбор и цена;Смотровой и накопительный дренажный колодец: чем отличаются, из чего собираются. Пример комплекта Ø1000 на 3 м с ценами и сравнение КЦД со связкой «кольцо плюс днище».;https://regiongbi.ru/og-default.png;Дренажный колодец из бетонных колец: подбор и цена;1
https://regiongbi.ru/op-ili-pp-chem-otlichayutsya/;200;103640;Опорная плита ОП или крышка ПП: чем отличаются;Где в колодце стоит перекрытие ПП, а где опорная плита ОП, и что заказывать. Ряд ОП-1К, ОП-1Д, УОП-6 и КЦО-3 с размерами и ценами, порядок сборки верха колодца.;https://regiongbi.ru/og-default.png;Опорная плита ОП или крышка ПП: чем отличаются;1
https://regiongbi.ru/kolodcy-svyazi-kks-tipy/;200;103265;Колодцы связи ККС: типы ККСр, вес и цены;Как подобрать кабельный колодец связи по числу каналов и роли узла. Ряд ККСр-2…ККСр-5 с массами и ценами, разбор обозначений ККС и ККСр, подбор люка.;https://regiongbi.ru/og-default.png;Колодцы связи ККС: типы ККСр, вес и цены;1
https://regiongbi.ru/kak-vybrat-lestnicu-ili-skoby-dlya-kolodca/;200;106082;Как выбрать лестницу или скобы для колодца: гид;Чем отличаются КЛ, ВЛ-2 и ходовые скобы, как подобрать по глубине и диаметру прутка, ГОСТ и шаг установки скоб. Гид для снабженцев и подрядчиков.;https://regiongbi.ru/og-default.png;Как выбрать лестницу или скобы для колодца: гид;1
https://regiongbi.ru/zhbi-dlya-teplotrass-nkl-vp/;200;101825;ЖБИ для теплотрасс: лотки НКЛ и плиты перекрытия ВП;Из чего собирается непроходной канал теплотрассы: лотки ЛП, плиты днища ЛД, плиты перекрытия ВП. Массы, цены и порядок подбора комплекта по серии 3.006.;https://regiongbi.ru/og-default.png;ЖБИ для теплотрасс: лотки НКЛ и плиты перекрытия ВП;1
https://regiongbi.ru/raschet-kolets-dlya-kolodca/;200;99764;Сколько колец нужно для колодца: расчёт с примером;Как посчитать кольца по глубине колодца, чем добрать остаток по высоте и что ещё входит в комплект: днище, крышка, люк. Пример расчёта колодца 4 м Ø1000 мм.;https://regiongbi.ru/og-default.png;Сколько колец нужно для колодца: расчёт с примером;1
https://regiongbi.ru/kryshki-kolodcev-pp-pk-pvg/;200;102391;Крышки колодцев ПП, ПК, ПВГ, ППЗ и ППЛ: чем отличаются;Разница между плитами перекрытия ПП, усиленными ПК, ПВГ, ППЗ с замком и ППЛ с полимерным люком. Подбор по диаметру кольца, массы и цены всего ряда.;https://regiongbi.ru/og-default.png;Крышки колодцев ПП, ПК, ПВГ, ППЗ и ППЛ: чем отличаются;1
https://regiongbi.ru/markirovka-fbs/;200;99846;Маркировка ФБС: расшифровка марки, размеры и вес блоков;Что значат цифры в марке ФБС 24-4-6 и чем номинальный размер отличается от фактического. Ряд блоков с размерами, массами и ценами, подбор под фундамент.;https://regiongbi.ru/og-default.png;Маркировка ФБС: расшифровка марки, размеры и вес блоков;1
https://regiongbi.ru/lyuki-chugunnye-klassy/;200;100733;Чугунные люки ЛЧ: классы нагрузки, вес и цены;Как выбрать класс чугунного люка по месту установки. Вес ЛЧ-Л 70 кг, ЛЧ-Т 106 кг, ЛЧ-ТМР 136 кг, дождеприёмники ДБ и ДК. Цены и отгрузка по Москве, области и ЦФО.;https://regiongbi.ru/og-default.png;Чугунные люки ЛЧ: классы нагрузки, вес и цены;1
https://regiongbi.ru/;200;135534;РегионЖБИ — железобетонные изделия с ценами в каталоге;Кольца, днища, крышки, ФБС, лотки, плиты, дорожное ЖБИ. Цены и размеры в каталоге, расчёт спецификации за 2 часа, доставка по Москве, области и регионам.;https://regiongbi.ru/wp-content/uploads/2026/07/kolca-kolodeznye-ks-15-3-shtabel.jpg;РегионЖБИ — железобетонные изделия с ценами в каталоге;1
https://regiongbi.ru/catalog/fundamenty-pod-dorozhnye-znaki/f-1/;200;88774;Фундамент Ф-1 под дорожный знак: вес 850 кг, цена;Фундамент Ф-1 по серии 3.503.9-80: 1100×700×700 мм, масса 850 кг, цена 4 837 ₽ с НДС. Гнездо под стойку знака, отгрузка по Москве, области и ЦФО.;https://regiongbi.ru/og-default.png;Фундамент Ф-1 под дорожный знак: вес 850 кг, цена;1
https://regiongbi.ru/catalog/otkosnye-stenki/st-1/;200;89494;Откосная стенка СТ-1: вес, размеры, цена;Откосная стенка оголовка водопропускной трубы СТ-1: 1850×2270×300 мм, масса 2 200 кг, цена 14 779 ₽ с НДС. Левая и правая, отгрузка по Москве, области и ЦФО.;https://regiongbi.ru/og-default.png;Откосная стенка СТ-1: вес, размеры, цена;1
https://regiongbi.ru/catalog/otkosnye-stenki/st-2/;200;89496;Откосная стенка СТ-2: вес, размеры, цена;Откосная стенка оголовка водопропускной трубы СТ-2: 2200×2470×300 мм, масса 2 900 кг, цена 14 779 ₽ с НДС. Левая и правая, отгрузка по Москве, области и ЦФО.;https://regiongbi.ru/og-default.png;Откосная стенка СТ-2: вес, размеры, цена;1
https://regiongbi.ru/catalog/otkosnye-stenki/stk-12/;200;89876;Откосная стенка СТК 12: вес, размеры, цена;Откосная стенка оголовка водопропускной трубы СТК 12 (СТ-6): 2790×2700×300 мм, масса 4 000 кг, цена 28 180 ₽ с НДС. Левая и правая, отгрузка по Москве, области и ЦФО.;https://regiongbi.ru/og-default.png;Откосная стенка СТК 12: вес, размеры, цена;1
https://regiongbi.ru/catalog/otkosnye-stenki/stk-13/;200;89876;Откосная стенка СТК 13: вес, размеры, цена;Откосная стенка оголовка водопропускной трубы СТК 13 (СТ-7): 3110×3220×300 мм, масса 5 400 кг, цена 36 938 ₽ с НДС. Левая и правая, отгрузка по Москве, области и ЦФО.;https://regiongbi.ru/og-default.png;Откосная стенка СТК 13: вес, размеры, цена;1
https://regiongbi.ru/catalog/otkosnye-stenki/stk-11/;200;89875;Откосная стенка СТК 11: вес, размеры, цена;Откосная стенка оголовка водопропускной трубы СТК 11 (СТ-5): 2470×2200×300 мм, масса 3 100 кг, цена 21 371 ₽ с НДС. Левая и правая, отгрузка по Москве, области и ЦФО.;https://regiongbi.ru/og-default.png;Откосная стенка СТК 11: вес, размеры, цена;1
https://regiongbi.ru/catalog/portalnye-stenki-stk/stk-8/;200;89806;Портальная стенка СТК 8 (СТ-13): вес, размеры, цена;Портальная стенка оголовка водопропускной трубы СТК 8, старое обозначение СТ-13: 1800×3570×2100 мм, масса 4 900 кг, цена 37 941 ₽ с НДС.;https://regiongbi.ru/og-default.png;Портальная стенка СТК 8 (СТ-13): вес, размеры, цена;1
https://regiongbi.ru/catalog/otkosnye-stenki/stk-10/;200;89875;Откосная стенка СТК 10: вес, размеры, цена;Откосная стенка оголовка водопропускной трубы СТК 10 (СТ-4): 2270×1850×300 мм, масса 2 500 кг, цена 17 631 ₽ с НДС. Левая и правая, отгрузка по Москве, области и ЦФО.;https://regiongbi.ru/og-default.png;Откосная стенка СТК 10: вес, размеры, цена;1
https://regiongbi.ru/catalog/portalnye-stenki-stk/stk-7/;200;89781;Портальная стенка СТК 7 (СТ-12): вес, размеры, цена;Портальная стенка оголовка водопропускной трубы СТК 7, старое обозначение СТ-12: 1500×3250×1750 мм, масса 4 000 кг, цена 31 006 ₽ с НДС.;https://regiongbi.ru/og-default.png;Портальная стенка СТК 7 (СТ-12): вес, размеры, цена;1
https://regiongbi.ru/catalog/portalnye-stenki-stk/stk-5/;200;89781;Портальная стенка СТК 5 (СТ-10): вес, размеры, цена;Портальная стенка оголовка водопропускной трубы СТК 5, старое обозначение СТ-10: 1000×2720×1220 мм, масса 2 500 кг, цена 21 527 ₽ с НДС.;https://regiongbi.ru/og-default.png;Портальная стенка СТК 5 (СТ-10): вес, размеры, цена;1
https://regiongbi.ru/catalog/portalnye-stenki-stk/stk-6/;200;89806;Портальная стенка СТК 6 (СТ-11): вес, размеры, цена;Портальная стенка оголовка водопропускной трубы СТК 6, старое обозначение СТ-11: 1200×2930×1420 мм, масса 3 000 кг, цена 25 709 ₽ с НДС.;https://regiongbi.ru/og-default.png;Портальная стенка СТК 6 (СТ-11): вес, размеры, цена;1
https://regiongbi.ru/catalog/portalnye-stenki-stk/stk-1/;200;89785;Портальная стенка СТК 1 (СТ-8): вес, размеры, цена;Портальная стенка оголовка водопропускной трубы СТК 1, старое обозначение СТ-8: 500×1850×1500 мм, масса 1 510 кг, цена 11 214 ₽ с НДС.;https://regiongbi.ru/og-default.png;Портальная стенка СТК 1 (СТ-8): вес, размеры, цена;1
https://regiongbi.ru/catalog/portalnye-stenki-stk/stk-2/;200;89784;Портальная стенка СТК 2 (СТ-9): вес, размеры, цена;Портальная стенка оголовка водопропускной трубы СТК 2, старое обозначение СТ-9: 800×2350×2260 мм, масса 2 880 кг, цена 19 024 ₽ с НДС.;https://regiongbi.ru/og-default.png;Портальная стенка СТК 2 (СТ-9): вес, размеры, цена;1
https://regiongbi.ru/catalog/lekalnye-bloki-bl/bl-4-201-8/;200;89737;Лекальный блок БЛ 4.201 (№ 8): размеры, вес, цена;Лекальный блок БЛ 4.201 (№ 8) под звенья круглых водопропускных труб: 2010×1600×520 мм, масса 2 900 кг, цена 17 703 ₽ с НДС. Отгрузка по Москве, области и ЦФО.;https://regiongbi.ru/og-default.png;Лекальный блок БЛ 4.201 (№ 8): размеры, вес, цена;1
https://regiongbi.ru/catalog/lekalnye-bloki-bl/bl-4-201-8a/;200;89766;Лекальный блок БЛ 4.201 (№ 8а): размеры, вес, цена;Лекальный блок БЛ 4.201 (№ 8а) под звенья круглых водопропускных труб: 990×1600×520 мм, масса 1 400 кг, цена 9 042 ₽ с НДС. Отгрузка по Москве, области и ЦФО.;https://regiongbi.ru/og-default.png;Лекальный блок БЛ 4.201 (№ 8а): размеры, вес, цена;1
https://regiongbi.ru/catalog/lekalnye-bloki-bl/bl-1-201-4/;200;89738;Лекальный блок БЛ 1.201 (№ 4): размеры, вес, цена;Лекальный блок БЛ 1.201 (№ 4) под звенья круглых водопропускных труб: 2010×1190×430 мм, масса 1 900 кг, цена 11 845 ₽ с НДС. Отгрузка по Москве, области и ЦФО.;https://regiongbi.ru/og-default.png;Лекальный блок БЛ 1.201 (№ 4): размеры, вес, цена;1
https://regiongbi.ru/catalog/lekalnye-bloki-bl/bl-1-201-4a/;200;89766;Лекальный блок БЛ 1.201 (№ 4а): размеры, вес, цена;Лекальный блок БЛ 1.201 (№ 4а) под звенья круглых водопропускных труб: 990×1190×430 мм, масса 1 000 кг, цена 6 501 ₽ с НДС. Отгрузка по Москве, области и ЦФО.;https://regiongbi.ru/og-default.png;Лекальный блок БЛ 1.201 (№ 4а): размеры, вес, цена;1
https://regiongbi.ru/catalog/vodopropusknye-truby-zk/zk-9-200/;200;90563;ЗК 9.200: размеры, вес и цена звена трубы;Звено круглой водопропускной трубы ЗК 9.200: внутренний диаметр 1500 мм, длина 2000 мм, масса 4 200 кг, цена 37 510 ₽ с НДС. Отгрузка по Москве, области и ЦФО.;https://regiongbi.ru/og-default.png;ЗК 9.200: размеры, вес и цена звена трубы;1
https://regiongbi.ru/catalog/vodopropusknye-truby-zk/zk-16-132/;200;90590;ЗК 16.132: размеры, вес и цена звена трубы;Звено круглой водопропускной трубы ЗК 16.132: внутренний диаметр 1500 мм, длина 1320 мм, масса 2 600 кг, цена 26 001 ₽ с НДС. Отгрузка по Москве, области и ЦФО.;https://regiongbi.ru/og-default.png;ЗК 16.132: размеры, вес и цена звена трубы;1
https://regiongbi.ru/catalog/vodopropusknye-truby-zk/zk-9-100/;200;90565;ЗК 9.100: размеры, вес и цена звена трубы;Звено круглой водопропускной трубы ЗК 9.100: внутренний диаметр 1500 мм, длина 1000 мм, масса 2 100 кг, цена 20 800 ₽ с НДС. Отгрузка по Москве, области и ЦФО.;https://regiongbi.ru/og-default.png;ЗК 9.100: размеры, вес и цена звена трубы;1
https://regiongbi.ru/catalog/vodopropusknye-truby-zk/zk-8-200/;200;90565;ЗК 8.200: размеры, вес и цена звена трубы;Звено круглой водопропускной трубы ЗК 8.200: внутренний диаметр 1500 мм, длина 2000 мм, масса 3 600 кг, цена 31 508 ₽ с НДС. Отгрузка по Москве, области и ЦФО.;https://regiongbi.ru/og-default.png;ЗК 8.200: размеры, вес и цена звена трубы;1
https://regiongbi.ru/catalog/vodopropusknye-truby-zk/zk-8-150/;200;90565;ЗК 8.150: размеры, вес и цена звена трубы;Звено круглой водопропускной трубы ЗК 8.150: внутренний диаметр 1500 мм, длина 1500 мм, масса 2 700 кг, цена 23 559 ₽ с НДС. Отгрузка по Москве, области и ЦФО.;https://regiongbi.ru/og-default.png;ЗК 8.150: размеры, вес и цена звена трубы;1
https://regiongbi.ru/catalog/vodopropusknye-truby-zk/zk-8-100/;200;90566;ЗК 8.100: размеры, вес и цена звена трубы;Звено круглой водопропускной трубы ЗК 8.100: внутренний диаметр 1500 мм, длина 1000 мм, масса 1 800 кг, цена 17 246 ₽ с НДС. Отгрузка по Москве, области и ЦФО.;https://regiongbi.ru/og-default.png;ЗК 8.100: размеры, вес и цена звена трубы;1
https://regiongbi.ru/catalog/vodopropusknye-truby-zk/zk-14-132/;200;90588;ЗК 14.132: размеры, вес и цена звена трубы;Звено круглой водопропускной трубы ЗК 14.132: внутренний диаметр 1000 мм, длина 1320 мм, масса 1 300 кг, цена 13 530 ₽ с НДС. Отгрузка по Москве, области и ЦФО.;https://regiongbi.ru/og-default.png;ЗК 14.132: размеры, вес и цена звена трубы;1
https://regiongbi.ru/catalog/vodopropusknye-truby-zk/zk-3-150/;200;90553;ЗК 3.150: размеры, вес и цена звена трубы;Звено круглой водопропускной трубы ЗК 3.150: внутренний диаметр 1000 мм, длина 1500 мм, масса 1 300 кг, цена 12 430 ₽ с НДС. Отгрузка по Москве, области и ЦФО.;https://regiongbi.ru/og-default.png;ЗК 3.150: размеры, вес и цена звена трубы;1
https://regiongbi.ru/catalog/vodopropusknye-truby-zk/zk-3-200/;200;90600;ЗК 3.200: размеры, вес и цена звена трубы;Звено круглой водопропускной трубы ЗК 3.200: внутренний диаметр 1000 мм, длина 2000 мм, масса 1 800 кг, цена 15 855 ₽ с НДС. Отгрузка по Москве, области и ЦФО.;https://regiongbi.ru/wp-content/uploads/2026/07/zveno-truby-zk-3-200-rotated.jpg;ЗК 3.200: размеры, вес и цена звена трубы;1
https://regiongbi.ru/catalog/vodopropusknye-truby-zk/zk-2-100/;200;90525;ЗК 2.100: размеры, вес и цена звена трубы;Звено круглой водопропускной трубы ЗК 2.100: внутренний диаметр 750 мм, длина 1000 мм, масса 500 кг, цена 4 812 ₽ с НДС. Отгрузка по Москве, области и ЦФО.;https://regiongbi.ru/og-default.png;ЗК 2.100: размеры, вес и цена звена трубы;1
https://regiongbi.ru/catalog/vodopropusknye-truby-zk/zk-3-100/;200;90580;ЗК 3.100: размеры, вес и цена звена трубы;Звено круглой водопропускной трубы ЗК 3.100: внутренний диаметр 1000 мм, длина 1000 мм, масса 900 кг, цена 8 078 ₽ с НДС. Отгрузка по Москве, области и ЦФО.;https://regiongbi.ru/wp-content/uploads/2026/07/zvenya-trub-zk-3-100-rotated.jpg;ЗК 3.100: размеры, вес и цена звена трубы;1
https://regiongbi.ru/catalog/vodopropusknye-truby-zk/zk-1-100/;200;90568;ЗК 1.100: размеры, вес и цена звена трубы;Звено круглой водопропускной трубы ЗК 1.100: внутренний диаметр 500 мм, длина 1000 мм, масса 400 кг, цена 3 436 ₽ с НДС. Отгрузка по Москве, области и ЦФО.;https://regiongbi.ru/wp-content/uploads/2026/07/zveno-truby-zk-1-100-rotated.jpg;ЗК 1.100: размеры, вес и цена звена трубы;1
https://regiongbi.ru/catalog/fundamenty-pod-dorozhnye-znaki/;200;92923;Фундамент под дорожные знаки Ф-1 — купить в Москве от завода;Железобетонный фундамент Ф-1 под стойки дорожных знаков. Размеры, масса, цена. Дорожное ЖБИ, опт, доставка на объект по Москве, области и ЦФО. Прайс.;https://regiongbi.ru/wp-content/uploads/2026/07/fundamenty-f-1-pod-dorozhnye-znaki.jpg;Фундамент под дорожные знаки Ф-1 — купить в Москве от завода;1
https://regiongbi.ru/catalog/otkosnye-stenki/;200;93088;Откосные стенки СТК, СТ — купить для оголовков труб в Москве;Откосные стенки СТК 10 … 13 (л/п) и СТ-1, СТ-2 для водопропускных труб, серия 3.501.1-144. Дорожное ЖБИ, опт, доставка по Москве, области и ЦФО.;https://regiongbi.ru/wp-content/uploads/2026/07/zvenya-trub-zk-sklad.jpg;Откосные стенки СТК, СТ — купить для оголовков труб в Москве;1
https://regiongbi.ru/catalog/lekalnye-bloki-bl/;200;93254;Лекальные блоки БЛ — купить под водопропускные трубы в Москве;Лекальные блоки БЛ 1.201, БЛ 4.201 под звенья круглых труб, серия 3.501.1-144. Дорожное ЖБИ, опт, доставка на объект по Москве, области и ЦФО. Прайс.;https://regiongbi.ru/wp-content/uploads/2026/07/zvenya-trub-zk-sklad.jpg;Лекальные блоки БЛ — купить под водопропускные трубы в Москве;1
https://regiongbi.ru/catalog/portalnye-stenki-stk/;200;93826;Портальные стенки СТК — купить для водопропускных труб в Москве;Портальные стенки СТК 1 (СТ-8) … СТК 8 (СТ-13), серия 3.501.1-144. Для оголовков водопропускных труб. Дорожное ЖБИ, опт, доставка по Москве, области и ЦФО.;https://regiongbi.ru/wp-content/uploads/2026/07/zvenya-trub-zk-sklad.jpg;Портальные стенки СТК — купить для водопропускных труб в Москве;1
https://regiongbi.ru/catalog/vodopropusknye-truby-zk/;200;98832;Водопропускные трубы ЗК — купить звенья в Москве, шифр 1484;Звенья круглых водопропускных труб ЗК 1.100 … 16.132 (Ø 500–1500 мм), серия 3.501.1-144. Дорожное ЖБИ, опт, доставка на объект по Москве, области и ЦФО.;https://regiongbi.ru/wp-content/uploads/2026/07/zvenya-trub-zk-sklad.jpg;Водопропускные трубы ЗК — купить звенья в Москве, шифр 1484;1
https://regiongbi.ru/kontakty/;200;84870;Контакты РегионЖБИ — телефон, e-mail, реквизиты;Телефон, электронная почта и реквизиты РегионЖБИ. Расчёт по спецификации за два часа, отгрузка по Москве и области за 1–2 дня.;https://regiongbi.ru/og-default.png;Контакты РегионЖБИ — телефон, e-mail, реквизиты;1
https://regiongbi.ru/catalog/lyuki-chugunnye/lch-t/;200;87952;Люк чугунный тяжёлый ЛЧ-Т — цена 13 156 ₽ с НДС;Люк чугунный тяжёлый ЛЧ-Т: масса 106 кг, ГОСТ 3634-2019. Цена 13 156 ₽ с НДС. Комплектуем колодец целиком и везём одной машиной.;https://regiongbi.ru/og-default.png;Люк чугунный тяжёлый ЛЧ-Т — цена 13 156 ₽ с НДС;1
https://regiongbi.ru/catalog/lyuki-chugunnye/lch-tmr/;200;88221;Люк ЛЧ-ТМР с замком — цена 14 729 ₽ с НДС;Люк чугунный тяжёлый с замком ЛЧ-ТМР: масса 136 кг, ГОСТ 3634-2019. Цена 14 729 ₽ с НДС. Комплектуем колодец целиком и везём одной машиной.;https://regiongbi.ru/og-default.png;Люк ЛЧ-ТМР с замком — цена 14 729 ₽ с НДС;1
https://regiongbi.ru/catalog/opornye-plity-op/kco-3/;200;87850;Опорная плита КЦО-3 — цена 12 940 ₽, доставка по Москве и области;Опорная плита КЦО-3: 250×170×22 мм, масса 2150 кг, ГОСТ 13015-2012. Цена 12 940 ₽ с НДС. Комплектуем колодец целиком и везём одной машиной.;https://regiongbi.ru/og-default.png;Опорная плита КЦО-3 — цена 12 940 ₽, доставка по Москве и области;1
https://regiongbi.ru/catalog/opornye-plity-op/op-1d/;200;88422;Опорная плита ОП-1Д — цена 5 100 ₽, доставка по Москве и области;Опорная плита ОП-1Д: 160×160×16 мм, масса 950 кг, ГОСТ 13015-2012. Цена 5 100 ₽ с НДС. Комплектуем колодец целиком и везём одной машиной.;https://regiongbi.ru/og-default.png;Опорная плита ОП-1Д — цена 5 100 ₽, доставка по Москве и области;1
https://regiongbi.ru/catalog/opornye-plity-op/uop-6/;200;87974;Опорная плита УОП-6 — цена 12 400 ₽, доставка по Москве и области;Опорная плита УОП-6: 160×160×33 мм, масса 1100 кг, ГОСТ 13015-2012. Цена 12 400 ₽ с НДС. Комплектуем колодец целиком и везём одной машиной.;https://regiongbi.ru/og-default.png;Опорная плита УОП-6 — цена 12 400 ₽, доставка по Москве и области;1
https://regiongbi.ru/catalog/opornye-plity-op/op-1k/;200;87765;Опорная плита ОП-1К — цена 5 100 ₽, доставка по Москве и области;Опорная плита ОП-1К: 160×160×25 мм, масса 950 кг, ГОСТ 13015-2012. Цена 5 100 ₽ с НДС. Комплектуем колодец целиком и везём одной машиной.;https://regiongbi.ru/og-default.png;Опорная плита ОП-1К — цена 5 100 ₽, доставка по Москве и области;1
https://regiongbi.ru/catalog/lyuki-chugunnye/dk/;200;87897;Дождеприёмник круглый ДК — цена 11 132 ₽, доставка по Москве и области;Дождеприёмник круглый ДК: масса 80 кг, ГОСТ 3634-2019. Цена 11 132 ₽ с НДС. Комплектуем колодец целиком и везём одной машиной.;https://regiongbi.ru/og-default.png;Дождеприёмник круглый ДК — цена 11 132 ₽, доставка по Москве и области;1
https://regiongbi.ru/catalog/lyuki-chugunnye/db/;200;88074;Дождеприёмник большой ДБ — цена 13 794 ₽, доставка по Москве и области;Дождеприёмник большой ДБ: масса 121 кг, ГОСТ 3634-2019. Цена 13 794 ₽ с НДС. Комплектуем колодец целиком и везём одной машиной.;https://regiongbi.ru/og-default.png;Дождеприёмник большой ДБ — цена 13 794 ₽, доставка по Москве и области;1
https://regiongbi.ru/catalog/lyuki-chugunnye/lch-l/;200;87906;Люк чугунный лёгкий ЛЧ-Л — цена 6 578 ₽, доставка по Москве и области;Люк чугунный лёгкий ЛЧ-Л: масса 70 кг, ГОСТ 3634-2019. Цена 6 578 ₽ с НДС. Комплектуем колодец целиком и везём одной машиной.;https://regiongbi.ru/og-default.png;Люк чугунный лёгкий ЛЧ-Л — цена 6 578 ₽, доставка по Москве и области;1
https://regiongbi.ru/catalog/kolodtsy-unifitsirovannye/vg-20/;200;88685;Колодец ВГ-20 — цена 30 180 ₽, доставка по Москве и области;Водопроводный колодец с горловиной ВГ-20: 1980×2000×2200 мм, масса 4300 кг, ГОСТ 8020-2016. Цена 30 180 ₽ с НДС. Комплектуем колодец целиком и везём одной машиной.;https://regiongbi.ru/wp-content/uploads/2026/07/plity-perekrytiya-gorloviny-pvg-20-2-rotated.jpg;Колодец ВГ-20 — цена 30 180 ₽, доставка по Москве и области;1
https://regiongbi.ru/catalog/kolodtsy-unifitsirovannye/vs-15/;200;88576;Колодец ВС-15 — цена 14 360 ₽, доставка по Москве и области;Водопроводный колодец ВС-15: 1660×1500×1980 мм, масса 2560 кг, ГОСТ 8020-2016. Цена 14 360 ₽ с НДС. Комплектуем колодец целиком и везём одной машиной.;https://regiongbi.ru/wp-content/uploads/2026/07/kolodcy-vs-15-ploshchadka-hraneniya.jpg;Колодец ВС-15 — цена 14 360 ₽, доставка по Москве и области;1
https://regiongbi.ru/catalog/kolodtsy-unifitsirovannye/vg-15/;200;88895;Колодец ВГ-15 — цена 14 550 ₽, доставка по Москве и области;Водопроводный колодец с горловиной ВГ-15: 1660×1500×1980 мм, масса 2820 кг, ГОСТ 8020-2016. Цена 14 550 ₽ с НДС. Комплектуем колодец целиком и везём одной машиной.;https://regiongbi.ru/wp-content/uploads/2026/07/kolodec-vg-15-otk.jpg;Колодец ВГ-15 — цена 14 550 ₽, доставка по Москве и области;1
https://regiongbi.ru/catalog/kolodtsy-unifitsirovannye/vg-12/;200;88790;Колодец ВГ-12 — цена 12 250 ₽, доставка по Москве и области;Водопроводный колодец с горловиной ВГ-12: 1410×1270×1980 мм, масса 2050 кг, ГОСТ 8020-2016. Цена 12 250 ₽ с НДС. Комплектуем колодец целиком и везём одной машиной.;https://regiongbi.ru/wp-content/uploads/2026/07/kolodec-vg-12.jpg;Колодец ВГ-12 — цена 12 250 ₽, доставка по Москве и области;1
https://regiongbi.ru/catalog/kolodtsy-unifitsirovannye/vs-10/;200;88612;Колодец ВС-10 — цена 8 380 ₽, доставка по Москве и области;Водопроводный колодец ВС-10: 1160×1000×1800 мм, масса 1350 кг, ГОСТ 8020-2016. Цена 8 380 ₽ с НДС. Комплектуем колодец целиком и везём одной машиной.;https://regiongbi.ru/og-default.png;Колодец ВС-10 — цена 8 380 ₽, доставка по Москве и области;1
https://regiongbi.ru/catalog/kolodtsy-unifitsirovannye/vs-12/;200;88543;Колодец ВС-12 — цена 11 470 ₽, доставка по Москве и области;Водопроводный колодец ВС-12: 1410×1270×1980 мм, масса 1800 кг, ГОСТ 8020-2016. Цена 11 470 ₽ с НДС. Комплектуем колодец целиком и везём одной машиной.;https://regiongbi.ru/og-default.png;Колодец ВС-12 — цена 11 470 ₽, доставка по Москве и области;1
https://regiongbi.ru/catalog/kolodtsy-unifitsirovannye/vg-10/;200;88742;Колодец ВГ-10 — цена 9 160 ₽, доставка по Москве и области;Водопроводный колодец с горловиной ВГ-10: 1160×1020×1800 мм, масса 1500 кг, ГОСТ 8020-2016. Цена 9 160 ₽ с НДС. Комплектуем колодец целиком и везём одной машиной.;https://regiongbi.ru/wp-content/uploads/2026/07/kolodec-vg-10.jpg;Колодец ВГ-10 — цена 9 160 ₽, доставка по Москве и области;1
https://regiongbi.ru/catalog/kolodtsy-unifitsirovannye/vd-8/;200;88171;Колодец ВД-8 — цена 5 640 ₽, доставка по Москве и области;Дренажный колодец ВД-8: 960×800×1500 мм, масса 950 кг, ГОСТ 8020-2016. Цена 5 640 ₽ с НДС. Комплектуем колодец целиком и везём одной машиной.;https://regiongbi.ru/og-default.png;Колодец ВД-8 — цена 5 640 ₽, доставка по Москве и области;1
https://regiongbi.ru/catalog/koltsa-kolodeznye-ks/ko-1-5/;200;88196;Опорное кольцо КО-1,5 — цена 1 050 ₽, доставка по Москве и области;Опорное кольцо КО-1,5: 900×600×150 мм, масса 125 кг, ГОСТ 8020-2016. Цена 1 050 ₽ с НДС. Комплектуем колодец целиком и везём одной машиной.;https://regiongbi.ru/og-default.png;Опорное кольцо КО-1,5 — цена 1 050 ₽, доставка по Москве и области;1
https://regiongbi.ru/catalog/koltsa-kolodeznye-ks/k1-a/;200;88099;Опорное кольцо К1-А — цена 2 400 ₽, доставка по Москве и области;Опорное кольцо К1-А: 1000×180×160 мм, масса 150 кг, ГОСТ 8020-2016. Цена 2 400 ₽ с НДС. Комплектуем колодец целиком и везём одной машиной.;https://regiongbi.ru/og-default.png;Опорное кольцо К1-А — цена 2 400 ₽, доставка по Москве и области;1
https://regiongbi.ru/catalog/koltsa-kolodeznye-ks/ko-1/;200;88171;Опорное кольцо КО-1 — цена 840 ₽, доставка по Москве и области;Опорное кольцо КО-1: 900×580×100 мм, масса 80 кг, ГОСТ 8020-2016. Цена 840 ₽ с НДС. Комплектуем колодец целиком и везём одной машиной.;https://regiongbi.ru/og-default.png;Опорное кольцо КО-1 — цена 840 ₽, доставка по Москве и области;1
https://regiongbi.ru/catalog/koltsa-kolodeznye-ks/ko-6/;200;88042;Опорное кольцо КО-6 — цена 790 ₽, доставка по Москве и области;Опорное кольцо КО-6: 840×580×70 мм, масса 50 кг, ГОСТ 8020-2016. Цена 790 ₽ с НДС. Комплектуем колодец целиком и везём одной машиной.;https://regiongbi.ru/og-default.png;Опорное кольцо КО-6 — цена 790 ₽, доставка по Москве и области;1
https://regiongbi.ru/catalog/koltsa-s-dnom-ktsd/kcd-20-10/;200;88452;КЦД 20-10 — цена 14 110 ₽, доставка по Москве и области;Кольцо с дном КЦД 20-10: 2200×2000×990 мм, масса 2650 кг, ГОСТ 8020-2016. Цена 14 110 ₽ с НДС. Комплектуем колодец целиком и везём одной машиной.;https://regiongbi.ru/og-default.png;КЦД 20-10 — цена 14 110 ₽, доставка по Москве и области;1
https://regiongbi.ru/catalog/koltsa-s-dnom-ktsd/kcd-10-10/;200;88686;КЦД 10-10 — цена 3 770 ₽, доставка по Москве и области;Кольцо с дном КЦД 10-10: 1160×1000×990 мм, масса 950 кг, ГОСТ 8020-2016. Цена 3 770 ₽ с НДС. Комплектуем колодец целиком и везём одной машиной.;https://regiongbi.ru/og-default.png;КЦД 10-10 — цена 3 770 ₽, доставка по Москве и области;1
https://regiongbi.ru/catalog/koltsa-s-dnom-ktsd/kcd-15-10/;200;88619;КЦД 15-10 — цена 7 450 ₽, доставка по Москве и области;Кольцо с дном КЦД 15-10: 1680×1500×990 мм, масса 1900 кг, ГОСТ 8020-2016. Цена 7 450 ₽ с НДС. Комплектуем колодец целиком и везём одной машиной.;https://regiongbi.ru/wp-content/uploads/2026/07/kolca-s-dnom-kcd-15-10.jpg;КЦД 15-10 — цена 7 450 ₽, доставка по Москве и области;1
https://regiongbi.ru/catalog/koltsa-s-dnom-ktsd/kcd-7-10/;200;88656;КЦД 7-10 — цена 3 040 ₽, доставка по Москве и области;Кольцо с дном КЦД 7-10: 860×700×990 мм, масса 600 кг, ГОСТ 8020-2016. Цена 3 040 ₽ с НДС. Комплектуем колодец целиком и везём одной машиной.;https://regiongbi.ru/og-default.png;КЦД 7-10 — цена 3 040 ₽, доставка по Москве и области;1
https://regiongbi.ru/catalog/koltsa-s-dnom-ktsd/kcd-20-9/;200;88662;КЦД 20-9 — цена 12 150 ₽, доставка по Москве и области;Кольцо с дном КЦД 20-9: 2200×2000×890 мм, масса 2600 кг, ГОСТ 8020-2016. Цена 12 150 ₽ с НДС. Комплектуем колодец целиком и везём одной машиной.;https://regiongbi.ru/og-default.png;КЦД 20-9 — цена 12 150 ₽, доставка по Москве и области;1
https://regiongbi.ru/catalog/koltsa-s-dnom-ktsd/kcd-10-9/;200;88657;КЦД 10-9 — цена 3 480 ₽, доставка по Москве и области;Кольцо с дном КЦД 10-9: 1160×1000×890 мм, масса 900 кг, ГОСТ 8020-2016. Цена 3 480 ₽ с НДС. Комплектуем колодец целиком и везём одной машиной.;https://regiongbi.ru/og-default.png;КЦД 10-9 — цена 3 480 ₽, доставка по Москве и области;1
https://regiongbi.ru/catalog/koltsa-s-dnom-ktsd/kcd-15-9/;200;88677;КЦД 15-9 — цена 6 960 ₽, доставка по Москве и области;Кольцо с дном КЦД 15-9: 1680×1500×890 мм, масса 1700 кг, ГОСТ 8020-2016. Цена 6 960 ₽ с НДС. Комплектуем колодец целиком и везём одной машиной.;https://regiongbi.ru/og-default.png;КЦД 15-9 — цена 6 960 ₽, доставка по Москве и области;1
https://regiongbi.ru/catalog/koltsa-s-dnom-ktsd/kcd-7-9/;200;88512;КЦД 7-9 — цена 2 890 ₽, доставка по Москве и области;Кольцо с дном КЦД 7-9: 860×700×890 мм, масса 500 кг, ГОСТ 8020-2016. Цена 2 890 ₽ с НДС. Комплектуем колодец целиком и везём одной машиной.;https://regiongbi.ru/og-default.png;КЦД 7-9 — цена 2 890 ₽, доставка по Москве и области;1
https://regiongbi.ru/catalog/koltsa-s-dnom-ktsd/kcd-10-6/;200;88421;КЦД 10-6 — цена 3 360 ₽, доставка по Москве и области;Кольцо с дном КЦД 10-6: 1160×1000×590 мм, масса 550 кг, ГОСТ 8020-2016. Цена 3 360 ₽ с НДС. Комплектуем колодец целиком и везём одной машиной.;https://regiongbi.ru/og-default.png;КЦД 10-6 — цена 3 360 ₽, доставка по Москве и области;1
https://regiongbi.ru/catalog/kryshki-kolodtsev-pp/pvg-15/;200;88289;Плита ПВГ 15 — цена 8 240 ₽, доставка по Москве и области;Плита ПВГ 15: 1720×1720×140 мм, масса 680 кг, Альбом РК 2201-82. Цена 8 240 ₽ с НДС. Комплектуем колодец целиком и везём одной машиной.;https://regiongbi.ru/og-default.png;Плита ПВГ 15 — цена 8 240 ₽, доставка по Москве и области;1
https://regiongbi.ru/catalog/kryshki-kolodtsev-pp/pk-25/;200;87984;Плита ПК 25 — цена 33 500 ₽, доставка по Москве и области;Плита ПК 25: 2740×2740×180 мм, масса 2400 кг, Альбом РК 2201-82. Цена 33 500 ₽ с НДС. Комплектуем колодец целиком и везём одной машиной.;https://regiongbi.ru/og-default.png;Плита ПК 25 — цена 33 500 ₽, доставка по Москве и области;1
https://regiongbi.ru/catalog/kryshki-kolodtsev-pp/pvg-25/;200;88026;Плита ПВГ 25 — цена 33 500 ₽, доставка по Москве и области;Плита ПВГ 25: 2740×2740×180 мм, масса 2480 кг, Альбом РК 2201-82. Цена 33 500 ₽ с НДС. Комплектуем колодец целиком и везём одной машиной.;https://regiongbi.ru/og-default.png;Плита ПВГ 25 — цена 33 500 ₽, доставка по Москве и области;1
https://regiongbi.ru/catalog/kryshki-kolodtsev-pp/pk-10/;200;88231;Плита ПК 10 — цена 3 150 ₽, доставка по Москве и области;Плита ПК 10: 1200×1200×120 мм, масса 220 кг, Альбом РК 2201-82. Цена 3 150 ₽ с НДС. Комплектуем колодец целиком и везём одной машиной.;https://regiongbi.ru/og-default.png;Плита ПК 10 — цена 3 150 ₽, доставка по Москве и области;1
https://regiongbi.ru/catalog/kryshki-kolodtsev-pp/pp-25-2/;200;88753;Крышка колодца ПП 25-2 — цена 20 790 ₽, доставка по Москве и области;Плита перекрытия ПП 25-2: 2700×2700×200 мм, масса 2700 кг, ГОСТ 8020-2016. Цена 20 790 ₽ с НДС. Комплектуем колодец целиком и везём одной машиной.;https://regiongbi.ru/og-default.png;Крышка колодца ПП 25-2 — цена 20 790 ₽, доставка по Москве и области;1
https://regiongbi.ru/catalog/kryshki-kolodtsev-pp/pk-20/;200;88221;Плита ПК 20 — цена 14 410 ₽, доставка по Москве и области;Плита ПК 20: 2200×2200×160 мм, масса 1350 кг, Альбом РК 2201-82. Цена 14 410 ₽ с НДС. Комплектуем колодец целиком и везём одной машиной.;https://regiongbi.ru/og-default.png;Плита ПК 20 — цена 14 410 ₽, доставка по Москве и области;1
https://regiongbi.ru/catalog/kryshki-kolodtsev-pp/pvg-20/;200;88219;Плита ПВГ 20 — цена 15 190 ₽, доставка по Москве и области;Плита ПВГ 20: 2200×2200×180 мм, масса 1430 кг, Альбом РК 2201-82. Цена 15 190 ₽ с НДС. Комплектуем колодец целиком и везём одной машиной.;https://regiongbi.ru/wp-content/uploads/2026/07/plity-perekrytiya-gorloviny-pvg-20-2-rotated.jpg;Плита ПВГ 20 — цена 15 190 ₽, доставка по Москве и области;1
https://regiongbi.ru/catalog/kryshki-kolodtsev-pp/ppl-20-1/;200;89049;ППЛ 20-1 — цена 7 350 ₽, доставка по Москве и области;Плита перекрытия с полимерным люком ППЛ 20-1: 2200×2200×160 мм, масса 1400 кг, ГОСТ 8020-2016. Цена 7 350 ₽ с НДС. Комплектуем колодец целиком и везём одной машиной.;https://regiongbi.ru/og-default.png;ППЛ 20-1 — цена 7 350 ₽, доставка по Москве и области;1
https://regiongbi.ru/catalog/kryshki-kolodtsev-pp/ppz-20-1/;200;88840;ППЗ 20-1 — цена 7 510 ₽, доставка по Москве и области;Плита перекрытия с замком ППЗ 20-1: 2200×2200×160 мм, масса 1100 кг, ГОСТ 8020-2016. Цена 7 510 ₽ с НДС. Комплектуем колодец целиком и везём одной машиной.;https://regiongbi.ru/og-default.png;ППЗ 20-1 — цена 7 510 ₽, доставка по Москве и области;1
https://regiongbi.ru/catalog/kryshki-kolodtsev-pp/ppl-20-2/;200;89052;ППЛ 20-2 — цена 8 660 ₽, доставка по Москве и области;Плита перекрытия с полимерным люком ППЛ 20-2: 2200×2200×160 мм, масса 1400 кг, ГОСТ 8020-2016. Цена 8 660 ₽ с НДС. Комплектуем колодец целиком и везём одной машиной.;https://regiongbi.ru/og-default.png;ППЛ 20-2 — цена 8 660 ₽, доставка по Москве и области;1
https://regiongbi.ru/catalog/kryshki-kolodtsev-pp/pp-20-2/;200;88730;Крышка колодца ПП 20-2 — цена 6 810 ₽, доставка по Москве и области;Плита перекрытия ПП 20-2: 2200×2200×160 мм, масса 1400 кг, ГОСТ 8020-2016. Цена 6 810 ₽ с НДС. Комплектуем колодец целиком и везём одной машиной.;https://regiongbi.ru/og-default.png;Крышка колодца ПП 20-2 — цена 6 810 ₽, доставка по Москве и области;1
https://regiongbi.ru/catalog/kryshki-kolodtsev-pp/ppz-20-2/;200;88837;ППЗ 20-2 — цена 8 820 ₽, доставка по Москве и области;Плита перекрытия с замком ППЗ 20-2: 2200×2200×160 мм, масса 1400 кг, ГОСТ 8020-2016. Цена 8 820 ₽ с НДС. Комплектуем колодец целиком и везём одной машиной.;https://regiongbi.ru/og-default.png;ППЗ 20-2 — цена 8 820 ₽, доставка по Москве и области;1
https://regiongbi.ru/catalog/kryshki-kolodtsev-pp/pp-20-1/;200;88611;Крышка колодца ПП 20-1 — цена 5 830 ₽, доставка по Москве и области;Плита перекрытия ПП 20-1: 2200×2200×160 мм, масса 1100 кг, ГОСТ 8020-2016. Цена 5 830 ₽ с НДС. Комплектуем колодец целиком и везём одной машиной.;https://regiongbi.ru/og-default.png;Крышка колодца ПП 20-1 — цена 5 830 ₽, доставка по Москве и области;1
https://regiongbi.ru/catalog/kryshki-kolodtsev-pp/ppl-15-1/;200;88839;ППЛ 15-1 — цена 5 410 ₽, доставка по Москве и области;Плита перекрытия с полимерным люком ППЛ 15-1: 1700×1700×160 мм, масса 650 кг, ГОСТ 8020-2016. Цена 5 410 ₽ с НДС. Комплектуем колодец целиком и везём одной машиной.;https://regiongbi.ru/og-default.png;ППЛ 15-1 — цена 5 410 ₽, доставка по Москве и области;1
https://regiongbi.ru/catalog/kryshki-kolodtsev-pp/ppl-15-2/;200;88958;ППЛ 15-2 — цена 5 930 ₽, доставка по Москве и области;Плита перекрытия с полимерным люком ППЛ 15-2: 1700×1700×160 мм, масса 720 кг, ГОСТ 8020-2016. Цена 5 930 ₽ с НДС. Комплектуем колодец целиком и везём одной машиной.;https://regiongbi.ru/og-default.png;ППЛ 15-2 — цена 5 930 ₽, доставка по Москве и области;1
https://regiongbi.ru/catalog/kryshki-kolodtsev-pp/ppz-15-2/;200;88856;ППЗ 15-2 — цена 4 830 ₽, доставка по Москве и области;Плита перекрытия с замком ППЗ 15-2: 1700×1700×160 мм, масса 700 кг, ГОСТ 8020-2016. Цена 4 830 ₽ с НДС. Комплектуем колодец целиком и везём одной машиной.;https://regiongbi.ru/og-default.png;ППЗ 15-2 — цена 4 830 ₽, доставка по Москве и области;1
https://regiongbi.ru/catalog/kryshki-kolodtsev-pp/ppz-15-1/;200;88859;ППЗ 15-1 — цена 3 780 ₽, доставка по Москве и области;Плита перекрытия с замком ППЗ 15-1: 1700×1700×160 мм, масса 680 кг, ГОСТ 8020-2016. Цена 3 780 ₽ с НДС. Комплектуем колодец целиком и везём одной машиной.;https://regiongbi.ru/og-default.png;ППЗ 15-1 — цена 3 780 ₽, доставка по Москве и области;1
https://regiongbi.ru/catalog/kryshki-kolodtsev-pp/pp-15-1/;200;88742;Крышка колодца ПП 15-1 — цена 3 410 ₽, доставка по Москве и области;Плита перекрытия ПП 15-1: 1700×1700×160 мм, масса 680 кг, ГОСТ 8020-2016. Цена 3 410 ₽ с НДС. Комплектуем колодец целиком и везём одной машиной.;https://regiongbi.ru/og-default.png;Крышка колодца ПП 15-1 — цена 3 410 ₽, доставка по Москве и области;1
https://regiongbi.ru/catalog/kryshki-kolodtsev-pp/pp-15-2/;200;88912;Крышка колодца ПП 15-2 — цена 3 680 ₽, доставка по Москве и области;Плита перекрытия ПП 15-2: 1700×1700×160 мм, масса 700 кг, ГОСТ 8020-2016. Цена 3 680 ₽ с НДС. Комплектуем колодец целиком и везём одной машиной.;https://regiongbi.ru/wp-content/uploads/2026/07/kryshki-kolodcev-pp-15-2-rotated.jpg;Крышка колодца ПП 15-2 — цена 3 680 ₽, доставка по Москве и области;1
https://regiongbi.ru/catalog/kryshki-kolodtsev-pp/pp-12-2/;200;88412;Крышка колодца ПП 12-2 — цена 2 300 ₽, доставка по Москве и области;Плита перекрытия ПП 12-2: 1400×1400×150 мм, масса 450 кг, ГОСТ 8020-2016. Цена 2 300 ₽ с НДС. Комплектуем колодец целиком и везём одной машиной.;https://regiongbi.ru/og-default.png;Крышка колодца ПП 12-2 — цена 2 300 ₽, доставка по Москве и области;1
https://regiongbi.ru/catalog/kryshki-kolodtsev-pp/pk-15/;200;88109;Плита ПК 15 — цена 6 710 ₽, доставка по Москве и области;Плита ПК 15: 1700×1700×140 мм, масса 680 кг, Альбом РК 2201-82. Цена 6 710 ₽ с НДС. Комплектуем колодец целиком и везём одной машиной.;https://regiongbi.ru/og-default.png;Плита ПК 15 — цена 6 710 ₽, доставка по Москве и области;1
https://regiongbi.ru/catalog/kryshki-kolodtsev-pp/pk-12/;200;87898;Плита ПК 12 — цена 5 410 ₽, доставка по Москве и области;Плита ПК 12: 1400×1400×140 мм, масса 450 кг, Альбом РК 2201-82. Цена 5 410 ₽ с НДС. Комплектуем колодец целиком и везём одной машиной.;https://regiongbi.ru/og-default.png;Плита ПК 12 — цена 5 410 ₽, доставка по Москве и области;1
https://regiongbi.ru/catalog/kryshki-kolodtsev-pp/ppl-10-2/;200;88945;ППЛ 10-2 — цена 3 500 ₽, доставка по Москве и области;Плита перекрытия с полимерным люком ППЛ 10-2: 1160×1160×120 мм, масса 280 кг, ГОСТ 8020-2016. Цена 3 500 ₽ с НДС. Комплектуем колодец целиком и везём одной машиной.;https://regiongbi.ru/og-default.png;ППЛ 10-2 — цена 3 500 ₽, доставка по Москве и области;1
https://regiongbi.ru/catalog/kryshki-kolodtsev-pp/ppl-10-1/;200;88826;ППЛ 10-1 — цена 3 100 ₽, доставка по Москве и области;Плита перекрытия с полимерным люком ППЛ 10-1: 1160×1160×120 мм, масса 260 кг, ГОСТ 8020-2016. Цена 3 100 ₽ с НДС. Комплектуем колодец целиком и везём одной машиной.;https://regiongbi.ru/og-default.png;ППЛ 10-1 — цена 3 100 ₽, доставка по Москве и области;1
https://regiongbi.ru/catalog/kryshki-kolodtsev-pp/ppz-10-1/;200;88847;ППЗ 10-1 — цена 1 580 ₽, доставка по Москве и области;Плита перекрытия с замком ППЗ 10-1: 1160×1160×120 мм, масса 200 кг, ГОСТ 8020-2016. Цена 1 580 ₽ с НДС. Комплектуем колодец целиком и везём одной машиной.;https://regiongbi.ru/og-default.png;ППЗ 10-1 — цена 1 580 ₽, доставка по Москве и области;1
https://regiongbi.ru/catalog/kryshki-kolodtsev-pp/pp-10-2/;200;88736;Крышка колодца ПП 10-2 — цена 1 810 ₽, доставка по Москве и области;Плита перекрытия ПП 10-2: 1160×1160×120 мм, масса 250 кг, ГОСТ 8020-2016. Цена 1 810 ₽ с НДС. Комплектуем колодец целиком и везём одной машиной.;https://regiongbi.ru/og-default.png;Крышка колодца ПП 10-2 — цена 1 810 ₽, доставка по Москве и области;1
https://regiongbi.ru/catalog/kryshki-kolodtsev-pp/ppz-10-2/;200;88843;ППЗ 10-2 — цена 2 150 ₽, доставка по Москве и области;Плита перекрытия с замком ППЗ 10-2: 1160×1160×120 мм, масса 250 кг, ГОСТ 8020-2016. Цена 2 150 ₽ с НДС. Комплектуем колодец целиком и везём одной машиной.;https://regiongbi.ru/og-default.png;ППЗ 10-2 — цена 2 150 ₽, доставка по Москве и области;1
https://regiongbi.ru/catalog/kryshki-kolodtsev-pp/pp-10-1/;200;88618;Крышка колодца ПП 10-1 — цена 1 470 ₽, доставка по Москве и области;Плита перекрытия ПП 10-1: 1160×1160×120 мм, масса 200 кг, ГОСТ 8020-2016. Цена 1 470 ₽ с НДС. Комплектуем колодец целиком и везём одной машиной.;https://regiongbi.ru/og-default.png;Крышка колодца ПП 10-1 — цена 1 470 ₽, доставка по Москве и области;1
https://regiongbi.ru/catalog/dnishcha-kolodtsev-pd/pn-25/;200;88161;Днище ПН 25 — цена 18 480 ₽, доставка по Москве и области;Днище колодца ПН 25: 2700×2700×140 мм, масса 2450 кг, ГОСТ 8020-2016. Цена 18 480 ₽ с НДС. Комплектуем колодец целиком и везём одной машиной.;https://regiongbi.ru/og-default.png;Днище ПН 25 — цена 18 480 ₽, доставка по Москве и области;1
https://regiongbi.ru/catalog/kryshki-kolodtsev-pp/pp-8-1/;200;88669;Крышка колодца ПП 8-1 — цена 1 420 ₽, доставка по Москве и области;Плита перекрытия ПП 8-1: 960×960×110 мм, масса 160 кг, ГОСТ 8020-2016. Цена 1 420 ₽ с НДС. Комплектуем колодец целиком и везём одной машиной.;https://regiongbi.ru/og-default.png;Крышка колодца ПП 8-1 — цена 1 420 ₽, доставка по Москве и области;1
https://regiongbi.ru/catalog/dnishcha-kolodtsev-pd/pn-20/;200;88266;Днище ПН 20 — цена 5 930 ₽, доставка по Москве и области;Днище колодца ПН 20: 2200×2200×120 мм, масса 1050 кг, ГОСТ 8020-2016. Цена 5 930 ₽ с НДС. Комплектуем колодец целиком и везём одной машиной.;https://regiongbi.ru/og-default.png;Днище ПН 20 — цена 5 930 ₽, доставка по Москве и области;1
https://regiongbi.ru/catalog/dnishcha-kolodtsev-pd/pn-12/;200;88300;Днище ПН 12 — цена 2 160 ₽, доставка по Москве и области;Днище колодца ПН 12: 1400×1400×130 мм, масса 400 кг, ГОСТ 8020-2016. Цена 2 160 ₽ с НДС. Комплектуем колодец целиком и везём одной машиной.;https://regiongbi.ru/og-default.png;Днище ПН 12 — цена 2 160 ₽, доставка по Москве и области;1
https://regiongbi.ru/catalog/dnishcha-kolodtsev-pd/pn-15/;200;88399;Днище ПН 15 — цена 3 330 ₽, доставка по Москве и области;Днище колодца ПН 15: 1700×1700×120 мм, масса 700 кг, ГОСТ 8020-2016. Цена 3 330 ₽ с НДС. Комплектуем колодец целиком и везём одной машиной.;https://regiongbi.ru/og-default.png;Днище ПН 15 — цена 3 330 ₽, доставка по Москве и области;1
https://regiongbi.ru/catalog/dnishcha-kolodtsev-pd/pn-8/;200;88181;Днище ПН 8 — цена 1 520 ₽, доставка по Москве и области;Днище колодца ПН 8: 960×960×100 мм, масса 190 кг, ГОСТ 8020-2016. Цена 1 520 ₽ с НДС. Комплектуем колодец целиком и везём одной машиной.;https://regiongbi.ru/og-default.png;Днище ПН 8 — цена 1 520 ₽, доставка по Москве и области;1
https://regiongbi.ru/catalog/dnishcha-kolodtsev-pd/pn-10/;200;88377;Днище ПН 10 — цена 1 520 ₽, доставка по Москве и области;Днище колодца ПН 10: 1160×1160×100 мм, масса 260 кг, ГОСТ 8020-2016. Цена 1 520 ₽ с НДС. Комплектуем колодец целиком и везём одной машиной.;https://regiongbi.ru/og-default.png;Днище ПН 10 — цена 1 520 ₽, доставка по Москве и области;1
https://regiongbi.ru/catalog/fbs-bloki/fbs-6-5-6/;200;88225;ФБС 6-5-6 — цена 1 650 ₽, блок 580×500×580 мм;Блок ФБС 6-5-6: размеры 580×500×580 мм, масса 387 кг, объём бетона 0,168 м³, ГОСТ 13579-2018. Цена 1 650 ₽ с НДС.;https://regiongbi.ru/og-default.png;ФБС 6-5-6 — цена 1 650 ₽, блок 580×500×580 мм;1
https://regiongbi.ru/catalog/dnishcha-kolodtsev-pd/pn-7/;200;88143;Днище ПН 7 — цена 890 ₽, доставка по Москве и области;Днище колодца ПН 7: 860×860×100 мм, масса 120 кг, ГОСТ 8020-2016. Цена 890 ₽ с НДС. Комплектуем колодец целиком и везём одной машиной.;https://regiongbi.ru/og-default.png;Днище ПН 7 — цена 890 ₽, доставка по Москве и области;1
https://regiongbi.ru/catalog/fbs-bloki/fbs-6-4-3/;200;88410;ФБС 6-4-3 — цена 1 260 ₽, блок 580×400×280 мм;Блок ФБС 6-4-3: размеры 580×400×280 мм, масса 170 кг, объём бетона 0,065 м³, ГОСТ 13579-2018. Цена 1 260 ₽ с НДС.;https://regiongbi.ru/og-default.png;ФБС 6-4-3 — цена 1 260 ₽, блок 580×400×280 мм;1
https://regiongbi.ru/catalog/fbs-bloki/fbs-6-4-6/;200;88365;ФБС 6-4-6 — цена 1 680 ₽, блок 580×400×580 мм;Блок ФБС 6-4-6: размеры 580×400×580 мм, масса 300 кг, объём бетона 0,135 м³, ГОСТ 13579-2018. Цена 1 680 ₽ с НДС.;https://regiongbi.ru/og-default.png;ФБС 6-4-6 — цена 1 680 ₽, блок 580×400×580 мм;1
https://regiongbi.ru/catalog/fbs-bloki/fbs-6-3-6/;200;88262;ФБС 6-3-6 — цена 1 580 ₽, блок 580×300×580 мм;Блок ФБС 6-3-6: размеры 580×300×580 мм, масса 250 кг, объём бетона 0,101 м³, ГОСТ 13579-2018. Цена 1 580 ₽ с НДС.;https://regiongbi.ru/og-default.png;ФБС 6-3-6 — цена 1 580 ₽, блок 580×300×580 мм;1
https://regiongbi.ru/catalog/fbs-bloki/fbs-9-6-6/;200;88229;ФБС 9-6-6 — цена 2 420 ₽, блок 880×600×580 мм;Блок ФБС 9-6-6: размеры 880×600×580 мм, масса 700 кг, объём бетона 0,306 м³, ГОСТ 13579-2018. Цена 2 420 ₽ с НДС.;https://regiongbi.ru/og-default.png;ФБС 9-6-6 — цена 2 420 ₽, блок 880×600×580 мм;1
https://regiongbi.ru/catalog/fbs-bloki/fbs-9-5-6/;200;88295;ФБС 9-5-6 — цена 2 110 ₽, блок 880×500×580 мм;Блок ФБС 9-5-6: размеры 880×500×580 мм, масса 590 кг, объём бетона 0,255 м³, ГОСТ 13579-2018. Цена 2 110 ₽ с НДС.;https://regiongbi.ru/og-default.png;ФБС 9-5-6 — цена 2 110 ₽, блок 880×500×580 мм;1
https://regiongbi.ru/catalog/fbs-bloki/fbs-9-4-3/;200;88477;ФБС 9-4-3 — цена 1 730 ₽, блок 880×400×280 мм;Блок ФБС 9-4-3: размеры 880×400×280 мм, масса 790 кг, объём бетона 0,099 м³, ГОСТ 13579-2018. Цена 1 730 ₽ с НДС.;https://regiongbi.ru/og-default.png;ФБС 9-4-3 — цена 1 730 ₽, блок 880×400×280 мм;1
https://regiongbi.ru/catalog/fbs-bloki/fbs-9-4-6/;200;88352;ФБС 9-4-6 — цена 1 810 ₽, блок 880×400×580 мм;Блок ФБС 9-4-6: размеры 880×400×580 мм, масса 470 кг, объём бетона 0,204 м³, ГОСТ 13579-2018. Цена 1 810 ₽ с НДС.;https://regiongbi.ru/wp-content/uploads/2026/07/bloki-fbs-9-4-6-gost.jpg;ФБС 9-4-6 — цена 1 810 ₽, блок 880×400×580 мм;1
https://regiongbi.ru/catalog/fbs-bloki/fbs-12-6-6/;200;88245;ФБС 12-6-6 — цена 3 460 ₽, блок 1180×600×580 мм;Блок ФБС 12-6-6: размеры 1180×600×580 мм, масса 960 кг, объём бетона 0,411 м³, ГОСТ 13579-2018. Цена 3 460 ₽ с НДС.;https://regiongbi.ru/og-default.png;ФБС 12-6-6 — цена 3 460 ₽, блок 1180×600×580 мм;1
https://regiongbi.ru/catalog/fbs-bloki/fbs-9-3-6/;200;88222;ФБС 9-3-6 — цена 1 570 ₽, блок 880×300×580 мм;Блок ФБС 9-3-6: размеры 880×300×580 мм, масса 350 кг, объём бетона 0,153 м³, ГОСТ 13579-2018. Цена 1 570 ₽ с НДС.;https://regiongbi.ru/og-default.png;ФБС 9-3-6 — цена 1 570 ₽, блок 880×300×580 мм;1
https://regiongbi.ru/catalog/fbs-bloki/fbs-12-5-6/;200;88313;ФБС 12-5-6 — цена 2 790 ₽, блок 1180×500×580 мм;Блок ФБС 12-5-6: размеры 1180×500×580 мм, масса 790 кг, объём бетона 0,342 м³, ГОСТ 13579-2018. Цена 2 790 ₽ с НДС.;https://regiongbi.ru/og-default.png;ФБС 12-5-6 — цена 2 790 ₽, блок 1180×500×580 мм;1
https://regiongbi.ru/catalog/fbs-bloki/fbs-12-4-3/;200;88497;ФБС 12-4-3 — цена 1 730 ₽, блок 1180×400×280 мм;Блок ФБС 12-4-3: размеры 1180×400×280 мм, масса 320 кг, объём бетона 0,132 м³, ГОСТ 13579-2018. Цена 1 730 ₽ с НДС.;https://regiongbi.ru/og-default.png;ФБС 12-4-3 — цена 1 730 ₽, блок 1180×400×280 мм;1
https://regiongbi.ru/catalog/fbs-bloki/fbs-12-3-6/;200;88238;ФБС 12-3-6 — цена 1 910 ₽, блок 1180×300×580 мм;Блок ФБС 12-3-6: размеры 1180×300×580 мм, масса 460 кг, объём бетона 0,205 м³, ГОСТ 13579-2018. Цена 1 910 ₽ с НДС.;https://regiongbi.ru/og-default.png;ФБС 12-3-6 — цена 1 910 ₽, блок 1180×300×580 мм;1
https://regiongbi.ru/catalog/fbs-bloki/fbs-12-4-6/;200;88362;ФБС 12-4-6 — цена 2 250 ₽, блок 1180×400×580 мм;Блок ФБС 12-4-6: размеры 1180×400×580 мм, масса 640 кг, объём бетона 0,274 м³, ГОСТ 13579-2018. Цена 2 250 ₽ с НДС.;https://regiongbi.ru/wp-content/uploads/2026/07/bloki-fbs-12-4-6.jpg;ФБС 12-4-6 — цена 2 250 ₽, блок 1180×400×580 мм;1
https://regiongbi.ru/catalog/fbs-bloki/fbs-24-6-6/;200;88253;ФБС 24-6-6 — цена 6 040 ₽, блок 2380×600×580 мм;Блок ФБС 24-6-6: размеры 2380×600×580 мм, масса 1960 кг, объём бетона 0,828 м³, ГОСТ 13579-2018. Цена 6 040 ₽ с НДС.;https://regiongbi.ru/og-default.png;ФБС 24-6-6 — цена 6 040 ₽, блок 2380×600×580 мм;1
https://regiongbi.ru/catalog/fbs-bloki/fbs-24-4-6/;200;89037;ФБС 24-4-6 — цена 3 970 ₽, блок 2380×400×580 мм;Блок ФБС 24-4-6: размеры 2380×400×580 мм, масса 1300 кг, объём бетона 0,552 м³, ГОСТ 13579-2018. Цена 3 970 ₽ с НДС.;https://regiongbi.ru/wp-content/uploads/2026/07/bloki-fbs-24-4-6.jpg;ФБС 24-4-6 — цена 3 970 ₽, блок 2380×400×580 мм;1
https://regiongbi.ru/catalog/fbs-bloki/fbs-24-5-6/;200;88320;ФБС 24-5-6 — цена 4 750 ₽, блок 2380×500×580 мм;Блок ФБС 24-5-6: размеры 2380×500×580 мм, масса 1630 кг, объём бетона 0,690 м³, ГОСТ 13579-2018. Цена 4 750 ₽ с НДС.;https://regiongbi.ru/og-default.png;ФБС 24-5-6 — цена 4 750 ₽, блок 2380×500×580 мм;1
https://regiongbi.ru/catalog/koltsa-kolodeznye-ks/ks-25-9/;200;89175;КС 25-9 — цена 17 740 ₽, доставка по Москве и области;Кольцо КС 25-9: внутренний диаметр 2500 мм, наружный 2700 мм, высота 990 мм, стенка 100 мм, масса 2200 кг, объём бетона 0,81 м³, ГОСТ 8020-2016. Цена 17 740 ₽ с НДС.;https://regiongbi.ru/og-default.png;КС 25-9 — цена 17 740 ₽, доставка по Москве и области;1
https://regiongbi.ru/catalog/fbs-bloki/fbs-24-3-6/;200;88239;ФБС 24-3-6 — цена 3 140 ₽, блок 2380×300×580 мм;Блок ФБС 24-3-6: размеры 2380×300×580 мм, масса 970 кг, объём бетона 0,414 м³, ГОСТ 13579-2018. Цена 3 140 ₽ с НДС.;https://regiongbi.ru/og-default.png;ФБС 24-3-6 — цена 3 140 ₽, блок 2380×300×580 мм;1
https://regiongbi.ru/catalog/koltsa-kolodeznye-ks/ks-25-6/;200;89176;КС 25-6 — цена 13 910 ₽, доставка по Москве и области;Кольцо КС 25-6: внутренний диаметр 2500 мм, наружный 2700 мм, высота 590 мм, стенка 100 мм, масса 1200 кг, объём бетона 0,48 м³, ГОСТ 8020-2016. Цена 13 910 ₽ с НДС.;https://regiongbi.ru/og-default.png;КС 25-6 — цена 13 910 ₽, доставка по Москве и области;1
https://regiongbi.ru/catalog/koltsa-kolodeznye-ks/ks-20-9/;200;89431;КС 20-9 — цена 6 270 ₽, доставка по Москве и области;Кольцо КС 20-9: внутренний диаметр 2000 мм, наружный 2200 мм, высота 890 мм, стенка 100 мм, масса 1500 кг, объём бетона 0,59 м³, ГОСТ 8020-2016. Цена 6 270 ₽ с НДС.;https://regiongbi.ru/og-default.png;КС 20-9 — цена 6 270 ₽, доставка по Москве и области;1
https://regiongbi.ru/catalog/koltsa-kolodeznye-ks/ks-20-10/;200;89400;КС 20-10 — цена 7 100 ₽, доставка по Москве и области;Кольцо КС 20-10: внутренний диаметр 2000 мм, наружный 2200 мм, высота 990 мм, стенка 100 мм, масса 1650 кг, объём бетона 0,65 м³, ГОСТ 8020-2016. Цена 7 100 ₽ с НДС.;https://regiongbi.ru/og-default.png;КС 20-10 — цена 7 100 ₽, доставка по Москве и области;1
https://regiongbi.ru/catalog/koltsa-kolodeznye-ks/ks-20-6/;200;89631;КС 20-6 — цена 5 340 ₽, доставка по Москве и области;Кольцо КС 20-6: внутренний диаметр 2000 мм, наружный 2200 мм, высота 590 мм, стенка 100 мм, масса 980 кг, объём бетона 0,39 м³, ГОСТ 8020-2016. Цена 5 340 ₽ с НДС.;https://regiongbi.ru/wp-content/uploads/2026/07/kolca-ks-20-6-v-sbore.jpg;КС 20-6 — цена 5 340 ₽, доставка по Москве и области;1
https://regiongbi.ru/catalog/koltsa-kolodeznye-ks/ks-15-10/;200;89462;КС 15-10 — цена 4 460 ₽, доставка по Москве и области;Кольцо КС 15-10: внутренний диаметр 1500 мм, наружный 1680 мм, высота 990 мм, стенка 90 мм, масса 1220 кг, объём бетона 0,45 м³, ГОСТ 8020-2016. Цена 4 460 ₽ с НДС.;https://regiongbi.ru/og-default.png;КС 15-10 — цена 4 460 ₽, доставка по Москве и области;1
https://regiongbi.ru/catalog/koltsa-kolodeznye-ks/ks-20-3/;200;89362;КС 20-3 — цена 4 120 ₽, доставка по Москве и области;Кольцо КС 20-3: внутренний диаметр 2000 мм, наружный 2200 мм, высота 290 мм, стенка 100 мм, масса 480 кг, объём бетона 0,19 м³, ГОСТ 8020-2016. Цена 4 120 ₽ с НДС.;https://regiongbi.ru/og-default.png;КС 20-3 — цена 4 120 ₽, доставка по Москве и области;1
https://regiongbi.ru/catalog/koltsa-kolodeznye-ks/ks-20-5/;200;89453;КС 20-5 — цена 5 140 ₽, доставка по Москве и области;Кольцо КС 20-5: внутренний диаметр 2000 мм, наружный 2200 мм, высота 490 мм, стенка 100 мм, масса 800 кг, объём бетона 0,32 м³, ГОСТ 8020-2016. Цена 5 140 ₽ с НДС.;https://regiongbi.ru/og-default.png;КС 20-5 — цена 5 140 ₽, доставка по Москве и области;1
https://regiongbi.ru/catalog/koltsa-kolodeznye-ks/ks-15-9/;200;89703;КС 15-9 — цена 4 160 ₽, доставка по Москве и области;Кольцо КС 15-9: внутренний диаметр 1500 мм, наружный 1680 мм, высота 890 мм, стенка 90 мм, масса 1000 кг, объём бетона 0,40 м³, ГОСТ 8020-2016. Цена 4 160 ₽ с НДС.;https://regiongbi.ru/og-default.png;КС 15-9 — цена 4 160 ₽, доставка по Москве и области;1
https://regiongbi.ru/catalog/koltsa-kolodeznye-ks/ks-15-6/;200;89664;КС 15-6 — цена 2 990 ₽, доставка по Москве и области;Кольцо КС 15-6: внутренний диаметр 1500 мм, наружный 1680 мм, высота 590 мм, стенка 90 мм, масса 660 кг, объём бетона 0,27 м³, ГОСТ 8020-2016. Цена 2 990 ₽ с НДС.;https://regiongbi.ru/og-default.png;КС 15-6 — цена 2 990 ₽, доставка по Москве и области;1
https://regiongbi.ru/catalog/koltsa-kolodeznye-ks/ks-15-3/;200;89458;КС 15-3 — цена 2 500 ₽, доставка по Москве и области;Кольцо КС 15-3: внутренний диаметр 1500 мм, наружный 1680 мм, высота 290 мм, стенка 90 мм, масса 350 кг, объём бетона 0,13 м³, ГОСТ 8020-2016. Цена 2 500 ₽ с НДС.;https://regiongbi.ru/wp-content/uploads/2026/07/kolca-ks-15-3-vid-sverhu.jpg;КС 15-3 — цена 2 500 ₽, доставка по Москве и области;1
https://regiongbi.ru/catalog/koltsa-kolodeznye-ks/ks-15-5/;200;89514;КС 15-5 — цена 2 890 ₽, доставка по Москве и области;Кольцо КС 15-5: внутренний диаметр 1500 мм, наружный 1680 мм, высота 490 мм, стенка 90 мм, масса 630 кг, объём бетона 0,22 м³, ГОСТ 8020-2016. Цена 2 890 ₽ с НДС.;https://regiongbi.ru/og-default.png;КС 15-5 — цена 2 890 ₽, доставка по Москве и области;1
https://regiongbi.ru/catalog/koltsa-kolodeznye-ks/ks-10-10/;200;89472;КС 10-10 — цена 2 550 ₽, доставка по Москве и области;Кольцо КС 10-10: внутренний диаметр 1000 мм, наружный 1160 мм, высота 990 мм, стенка 80 мм, масса 650 кг, объём бетона 0,27 м³, ГОСТ 8020-2016. Цена 2 550 ₽ с НДС.;https://regiongbi.ru/og-default.png;КС 10-10 — цена 2 550 ₽, доставка по Москве и области;1
https://regiongbi.ru/catalog/koltsa-kolodeznye-ks/ks-10-9/;200;89715;КС 10-9 — цена 2 350 ₽, доставка по Москве и области;Кольцо КС 10-9: внутренний диаметр 1000 мм, наружный 1160 мм, высота 890 мм, стенка 80 мм, масса 610 кг, объём бетона 0,24 м³, ГОСТ 8020-2016. Цена 2 350 ₽ с НДС.;https://regiongbi.ru/og-default.png;КС 10-9 — цена 2 350 ₽, доставка по Москве и области;1
https://regiongbi.ru/catalog/koltsa-kolodeznye-ks/ks-10-6/;200;89680;КС 10-6 — цена 1 720 ₽, доставка по Москве и области;Кольцо КС 10-6: внутренний диаметр 1000 мм, наружный 1160 мм, высота 590 мм, стенка 80 мм, масса 400 кг, объём бетона 0,16 м³, ГОСТ 8020-2016. Цена 1 720 ₽ с НДС.;https://regiongbi.ru/og-default.png;КС 10-6 — цена 1 720 ₽, доставка по Москве и области;1
https://regiongbi.ru/catalog/koltsa-kolodeznye-ks/ks-10-3/;200;89442;КС 10-3 — цена 1 320 ₽, доставка по Москве и области;Кольцо КС 10-3: внутренний диаметр 1000 мм, наружный 1160 мм, высота 290 мм, стенка 80 мм, масса 200 кг, объём бетона 0,08 м³, ГОСТ 8020-2016. Цена 1 320 ₽ с НДС.;https://regiongbi.ru/og-default.png;КС 10-3 — цена 1 320 ₽, доставка по Москве и области;1
https://regiongbi.ru/catalog/koltsa-kolodeznye-ks/ks-10-5/;200;89532;КС 10-5 — цена 1 520 ₽, доставка по Москве и области;Кольцо КС 10-5: внутренний диаметр 1000 мм, наружный 1160 мм, высота 490 мм, стенка 80 мм, масса 335 кг, объём бетона 0,13 м³, ГОСТ 8020-2016. Цена 1 520 ₽ с НДС.;https://regiongbi.ru/og-default.png;КС 10-5 — цена 1 520 ₽, доставка по Москве и области;1
https://regiongbi.ru/catalog/koltsa-kolodeznye-ks/ks-7-10/;200;89493;КС 7-10 — цена 1 910 ₽, доставка по Москве и области;Кольцо КС 7-10: внутренний диаметр 700 мм, наружный 860 мм, высота 990 мм, стенка 80 мм, масса 440 кг, объём бетона 0,19 м³, ГОСТ 8020-2016. Цена 1 910 ₽ с НДС.;https://regiongbi.ru/wp-content/uploads/2026/07/kolco-ks-7-10-markirovka.jpg;КС 7-10 — цена 1 910 ₽, доставка по Москве и области;1
https://regiongbi.ru/catalog/koltsa-kolodeznye-ks/ks-7-6/;200;89661;КС 7-6 — цена 1 320 ₽, доставка по Москве и области;Кольцо КС 7-6: внутренний диаметр 700 мм, наружный 860 мм, высота 590 мм, стенка 80 мм, масса 270 кг, объём бетона 0,12 м³, ГОСТ 8020-2016. Цена 1 320 ₽ с НДС.;https://regiongbi.ru/og-default.png;КС 7-6 — цена 1 320 ₽, доставка по Москве и области;1
https://regiongbi.ru/catalog/koltsa-kolodeznye-ks/ks-7-9/;200;89520;КС 7-9 — цена 1 810 ₽, доставка по Москве и области;Кольцо КС 7-9: внутренний диаметр 700 мм, наружный 860 мм, высота 890 мм, стенка 80 мм, масса 410 кг, объём бетона 0,17 м³, ГОСТ 8020-2016. Цена 1 810 ₽ с НДС.;https://regiongbi.ru/wp-content/uploads/2026/07/kolco-kolodeznoe-ks-7-9.jpg;КС 7-9 — цена 1 810 ₽, доставка по Москве и области;1
https://regiongbi.ru/catalog/koltsa-kolodeznye-ks/ks-7-3/;200;89690;КС 7-3 — цена 980 ₽, доставка по Москве и области;Кольцо КС 7-3: внутренний диаметр 700 мм, наружный 860 мм, высота 290 мм, стенка 80 мм, масса 130 кг, объём бетона 0,06 м³, ГОСТ 8020-2016. Цена 980 ₽ с НДС.;https://regiongbi.ru/wp-content/uploads/2026/07/kolco-kolodeznoe-ks-7-3-markirovka.jpg;КС 7-3 — цена 980 ₽, доставка по Москве и области;1
https://regiongbi.ru/catalog/koltsa-kolodeznye-ks/ks-7-5/;200;89630;КС 7-5 — цена 1 220 ₽, доставка по Москве и области;Кольцо КС 7-5: внутренний диаметр 700 мм, наружный 860 мм, высота 490 мм, стенка 80 мм, масса 230 кг, объём бетона 0,10 м³, ГОСТ 8020-2016. Цена 1 220 ₽ с НДС.;https://regiongbi.ru/og-default.png;КС 7-5 — цена 1 220 ₽, доставка по Москве и области;1
https://regiongbi.ru/catalog/koltsa-kolodeznye-ks/ks-7-0-1/;200;89360;КС 7-0,1 — цена 740 ₽, доставка по Москве и области;Кольцо КС 7-0,1: внутренний диаметр 700 мм, наружный 840 мм, высота 100 мм, стенка 70 мм, масса 46 кг, объём бетона 0,02 м³, ГОСТ 8020-2016. Цена 740 ₽ с НДС.;https://regiongbi.ru/og-default.png;КС 7-0,1 — цена 740 ₽, доставка по Москве и области;1
https://regiongbi.ru/catalog/koltsa-kolodeznye-ks/ks-7-1-5/;200;89474;КС 7-1,5 — цена 740 ₽, доставка по Москве и области;Кольцо КС 7-1,5: внутренний диаметр 700 мм, наружный 840 мм, высота 150 мм, стенка 70 мм, масса 70 кг, объём бетона 0,03 м³, ГОСТ 8020-2016. Цена 740 ₽ с НДС.;https://regiongbi.ru/og-default.png;КС 7-1,5 — цена 740 ₽, доставка по Москве и области;1
https://regiongbi.ru/catalog/dorozhnoe-zhbi/;200;98238;Дорожное ЖБИ — каталог для дорожного строительства;Железобетон для дорог: водопропускные трубы ЗК и ЗКП, лекальные блоки, портальные и откосные стенки, лотки НКЛ, фундаменты под знаки. Опт, доставка по ЦФО.;https://regiongbi.ru/og-default.png;Дорожное ЖБИ — каталог для дорожного строительства;1
https://regiongbi.ru/catalog/plity-perekrytiya-kanalov-vp/;200;98845;Плиты перекрытия каналов ВП — купить в Москве от производителя;Плиты перекрытия каналов и камер ВП 16 … ВП 55, с отверстием и без. Размеры, масса, серия 3.006. Опт, доставка на объект по Москве, области и ЦФО. Прайс и расчёт.;https://regiongbi.ru/wp-content/uploads/2026/07/plity-perekrytiya-montazhnye-petli.jpg;Плиты перекрытия каналов ВП — купить в Москве от производителя;1
https://regiongbi.ru/catalog/neprohodnye-kanaly-nkl/;200;92770;Лотки теплотрасс НКЛ — непроходные каналы, купить в Москве от завода;Железобетонные лотки теплотрасс и плиты днища НКЛ ЛП, ЛД по серии 3.006. Размеры, масса. Опт, доставка на объект по Москве, области и ЦФО. Прайс и расчёт.;https://regiongbi.ru/wp-content/uploads/2026/07/lotok-kanala-s-plitoy-proizvodstvo.jpg;Лотки теплотрасс НКЛ — непроходные каналы, купить в Москве от завода;1
https://regiongbi.ru/catalog/lestnicy-dlya-kolodcev/skoby-hodovye/;200;99850;Ходовые скобы для колодцев — цена от 250 ₽, доставка по Москве;Ходовые скобы ГС, СК, МН, МС по ГОСТ 8020-2016, пруток d16–d25. Цены от 250 ₽ с НДС по маркам в таблице. Отгрузка по Москве, области и регионам.;https://regiongbi.ru/og-default.png;Ходовые скобы для колодцев — цена от 250 ₽, доставка по Москве;1
https://regiongbi.ru/catalog/lestnicy-dlya-kolodcev/promyshlennye-lestnicy/;200;99055;Промышленные лестницы с ограждением и перилами, Москва;Промышленные и маршевые лестницы НТС 62-91-111 с ограждением, стремянки и с перилами. Сталь, цена за м.п. Отгрузка юрлицам по Москве, области и ЦФО.;https://regiongbi.ru/og-default.png;Промышленные лестницы с ограждением и перилами, Москва;1
https://regiongbi.ru/catalog/lestnicy-dlya-kolodcev/vl-2/;200;91502;Лестница ВЛ-2 водосточная — купить в Москве, цена по прутку;Водосточная лестница ВЛ-2 (Л-2, Л-17) из прутка Ø20, 22, 25 мм — цена зависит от диаметра. От завода, паспорт на партию. Опт, доставка по Москве и ЦФО.;https://regiongbi.ru/og-default.png;Лестница ВЛ-2 водосточная — купить в Москве, цена по прутку;1
https://regiongbi.ru/catalog/lestnicy-dlya-kolodcev/;200;92265;Лестницы для колодцев — купить КЛ, ВЛ-2 в Москве от завода;Лестницы для колодцев КЛ и ВЛ-2 из прутка Ø20, 22, 25 мм — цена зависит от диаметра. Скобы, кольца, люки одной машиной. Опт, доставка по Москве и ЦФО.;https://regiongbi.ru/og-default.png;Лестницы для колодцев — купить КЛ, ВЛ-2 в Москве от завода;1
https://regiongbi.ru/catalog/lestnicy-dlya-kolodcev/kl/;200;91678;Лестница КЛ канализационная — цена по прутку, Москва;Канализационная лестница КЛ (Л-1, Л-18) из прутка Ø20, 22, 25 мм — цена зависит от диаметра. От завода, паспорт на партию. Опт, доставка по Москве и ЦФО.;https://regiongbi.ru/og-default.png;Лестница КЛ канализационная — цена по прутку, Москва;1
https://regiongbi.ru/catalog/blok-protivofiltratsionnogo-ekrana/;200;91771;Блок противофильтрационного экрана БФ-1, БЭ-1 — купить в Москве;Железобетонные блоки противофильтрационного экрана БФ-1, БЭ-1 для гидротехники и дорог. Опт, доставка на объект по Москве, области и ЦФО. Прайс и расчёт.;https://regiongbi.ru/wp-content/uploads/2026/07/bloki-fbs-9-4-6-gost.jpg;Блок противофильтрационного экрана БФ-1, БЭ-1 — купить в Москве;1
https://regiongbi.ru/catalog/telefonnye-kolodtsy-kks/;200;90934;Телефонные колодцы ККСр-2, ККСр-3 — купить в Москве от производителя;Железобетонные телефонные колодцы связи ККСр-2, ККСр-3, ККСр-4, ККСр-5 для кабельной канализации. Опт, доставка на объект по Москве, области и ЦФО. Прайс.;https://regiongbi.ru/wp-content/uploads/2026/07/kolodec-vs-15-lotkovaya-chast.jpg;Телефонные колодцы ККСр-2, ККСр-3 — купить в Москве от производителя;1
https://regiongbi.ru/catalog/zvenya-ploskoe-opiranie-zkp/;200;92256;Звенья ЗКП на плоском опирании — купить в Москве, серия 3.501.1-144;Звенья круглых водопропускных труб на плоском опирании ЗКП 1.200 … 7.200. Дорожное ЖБИ, опт, доставка на объект по Москве, области и ЦФО. Прайс и расчёт.;https://regiongbi.ru/wp-content/uploads/2026/07/zvenya-trub-zk-sklad.jpg;Звенья ЗКП на плоском опирании — купить в Москве, серия 3.501.1-144;1
https://regiongbi.ru/catalog/plity-pt-3006-1-8/;200;94528;Плиты ПТ, ПТО, ПТУ по серии 3.006.1-8 — 86 марок;Плиты перекрытия каналов ПТ, ПТО, ПТУ, ПДУ по серии 3.006.1-8: 86 марок, габариты, массы и цены с НДС в таблице.;https://regiongbi.ru/og-default.png;Плиты ПТ, ПТО, ПТУ по серии 3.006.1-8 — 86 марок;1
https://regiongbi.ru/catalog/plity-p-3006-1-2-87/;200;94306;Плиты П по серии 3.006.1-2.87 — 91 марок с ценами;Плиты перекрытия каналов П по серии 3.006.1-2.87: 91 марок, размеры, массы и цены с НДС. Подбираются в пару к лоткам той же серии.;https://regiongbi.ru/og-default.png;Плиты П по серии 3.006.1-2.87 — 91 марок с ценами;1
https://regiongbi.ru/catalog/lotki-l-3006-1-2-87/;200;96963;Лотки Л по серии 3.006.1-2.87 — 116 марок с ценами;Лотки теплотрасс Л по серии 3.006.1-2.87: 116 марок, размеры, массы и цены с НДС в таблице. Отгрузка по Москве, области и регионам.;https://regiongbi.ru/og-default.png;Лотки Л по серии 3.006.1-2.87 — 116 марок с ценами;1
https://regiongbi.ru/catalog/lotki-lk-3006-1-8/;200;94811;Лотки ЛК по серии 3.006.1-8 — 89 марок с ценами;Лотки каналов ЛК по серии 3.006.1-8: 89 марок, габариты, массы и цены с НДС в таблице. Подбор по нагрузке и сечению канала.;https://regiongbi.ru/og-default.png;Лотки ЛК по серии 3.006.1-8 — 89 марок с ценами;1
https://regiongbi.ru/catalog/dobornye-elementy-kanalov/;200;92887;Опорные подушки, балки и канальные плиты — цены по ряду;Опорные подушки, балки, канальные плиты и плиты покрытия камер по сериям 3.006.1: габариты, массы и цены с НДС в таблицах.;https://regiongbi.ru/og-default.png;Опорные подушки, балки и канальные плиты — цены по ряду;1
https://regiongbi.ru/dostavka/;200;88282;Доставка ЖБИ по Москве, области и ЦФО — РегионЖБИ;Доставка железобетона на объект по Москве, области и ЦФО: кольца, лотки, плиты, звенья труб, ФБС. Длинномер и манипулятор, разгрузка на площадке.;https://regiongbi.ru/og-default.png;Доставка ЖБИ по Москве, области и ЦФО — РегионЖБИ;1
https://regiongbi.ru/dostavka/yaroslavl/;200;93193;ЖБИ в Ярославль с доставкой — колодцы, кольца, лестницы;Поставка ЖБИ в Ярославль и область: унифицированные колодцы ВГ/ВС/ВД, кольца КС, ходовые лестницы, лотки НКЛ. Доставка на объект, опт, безнал, паспорт.;https://regiongbi.ru/og-default.png;ЖБИ в Ярославль с доставкой — колодцы, кольца, лестницы;1
https://regiongbi.ru/dostavka/vladimir/;200;92749;ЖБИ во Владимир с доставкой — лотки НКЛ, плиты ВП, люки;Поставка ЖБИ во Владимир и область: непроходные каналы НКЛ, плиты перекрытия каналов ВП, элементы коллекторов, кольца, люки. Опт, доставка на объект.;https://regiongbi.ru/og-default.png;ЖБИ во Владимир с доставкой — лотки НКЛ, плиты ВП, люки;1
https://regiongbi.ru/dostavka/voronezh/;200;93965;ЖБИ в Воронеж с доставкой — ФБС, кольца КС, колодцы оптом;Поставка ЖБИ в Воронеж и область: блоки ФБС, кольца КС, унифицированные колодцы, лотки НКЛ, плиты перекрытия каналов ВП. Доставка на объект, опт, безнал, паспорт.;https://regiongbi.ru/og-default.png;ЖБИ в Воронеж с доставкой — ФБС, кольца КС, колодцы оптом;1
https://regiongbi.ru/dostavka/tver/;200;91978;ЖБИ в Тверь с доставкой — ФБС, кольца, ливнёвка, люки оптом;Поставка ЖБИ в Тверь и область: ФБС, кольца КС, люки и дождеприёмники, опорные плиты, плиты ВП. Доставка на объект, опт, безнал, паспорт качества.;https://regiongbi.ru/og-default.png;ЖБИ в Тверь с доставкой — ФБС, кольца, ливнёвка, люки оптом;1
https://regiongbi.ru/dostavka/tula/;200;92982;ЖБИ в Тулу с доставкой на объект — опт от производителя;Поставка ЖБИ в Тулу и область: звенья труб ЗК, портальные и откосные стенки, кольца КС, ФБС. Доставка на объект, опт, безнал, паспорт качества на партию.;https://regiongbi.ru/og-default.png;ЖБИ в Тулу с доставкой на объект — опт от производителя;1
https://regiongbi.ru/dostavka/tambov/;200;93927;ЖБИ в Тамбов с доставкой — кольца КС, колодцы, ФБС оптом;Поставка ЖБИ в Тамбов и область: кольца КС, унифицированные колодцы, кольца с дном КЦД, лотки НКЛ, блоки ФБС. Доставка на объект, опт, безнал, паспорт.;https://regiongbi.ru/og-default.png;ЖБИ в Тамбов с доставкой — кольца КС, колодцы, ФБС оптом;1
https://regiongbi.ru/dostavka/smolensk/;200;92833;ЖБИ в Смоленск с доставкой — трубы ЗК, ФБС, кольца оптом;Поставка ЖБИ в Смоленск и область: звенья водопропускных труб ЗК, блоки ФБС, кольца КС, опорные плиты. Доставка на объект, опт, безнал, паспорт.;https://regiongbi.ru/og-default.png;ЖБИ в Смоленск с доставкой — трубы ЗК, ФБС, кольца оптом;1
https://regiongbi.ru/dostavka/ryazan/;200;92832;ЖБИ в Рязань с доставкой — кольца КС, КЦД, коллекторы, люки;Поставка ЖБИ в Рязань и область: кольца КС и КЦД, днища ПД, опорные плиты, элементы коллекторов, тяжёлые люки. Доставка на объект, опт, безнал, паспорт.;https://regiongbi.ru/og-default.png;ЖБИ в Рязань с доставкой — кольца КС, КЦД, коллекторы, люки;1
https://regiongbi.ru/dostavka/oryol/;200;93959;ЖБИ в Орёл с доставкой — трубы ЗК, стенки, кольца КС оптом;Поставка ЖБИ в Орёл и область: звенья труб ЗК, портальные и откосные стенки, Ф-1, кольца КС, лотки НКЛ. Доставка на объект, опт, безнал, паспорт.;https://regiongbi.ru/og-default.png;ЖБИ в Орёл с доставкой — трубы ЗК, стенки, кольца КС оптом;1
https://regiongbi.ru/dostavka/kursk/;200;93685;ЖБИ в Курск с доставкой — трубы ЗК, стенки, ФБС оптом;Поставка ЖБИ в Курск и область: звенья водопропускных труб ЗК, портальные и откосные стенки, Ф-1, блоки ФБС, кольца КС. Доставка на объект, опт, безнал, паспорт.;https://regiongbi.ru/og-default.png;ЖБИ в Курск с доставкой — трубы ЗК, стенки, ФБС оптом;1
https://regiongbi.ru/dostavka/lipetsk/;200;94371;ЖБИ в Липецк с доставкой — ФБС, опорные плиты, кольца оптом;Поставка ЖБИ в Липецк и область: блоки ФБС, опорные плиты ОП, кольца КС, унифицированные колодцы, лотки НКЛ. Доставка на объект, опт, безнал, паспорт.;https://regiongbi.ru/og-default.png;ЖБИ в Липецк с доставкой — ФБС, опорные плиты, кольца оптом;1
https://regiongbi.ru/dostavka/kaluga/;200;92571;ЖБИ в Калугу с доставкой — колодцы, ОП, ККС, ФБС оптом;Поставка ЖБИ в Калугу и область: колодцы ВГ/ВС/ВД, кольца КС, опорные плиты ОП, колодцы связи ККС, ФБС. Доставка на объект, опт, безнал, паспорт качества.;https://regiongbi.ru/og-default.png;ЖБИ в Калугу с доставкой — колодцы, ОП, ККС, ФБС оптом;1
https://regiongbi.ru/dostavka/bryansk/;200;93268;ЖБИ в Брянск с доставкой — плиты ВП, лотки НКЛ, ФБС оптом;Поставка ЖБИ в Брянск и область: плиты перекрытия каналов ВП, непроходные каналы НКЛ, блоки ФБС, кольца КС. Доставка на объект, опт, безнал, паспорт.;https://regiongbi.ru/og-default.png;ЖБИ в Брянск с доставкой — плиты ВП, лотки НКЛ, ФБС оптом;1
https://regiongbi.ru/resheniya/dorozhnomu-podryadchiku/;200;96347;ЖБИ дорожному подрядчику — комплект трубы, отгрузка;Дорожное ЖБИ подрядчику: комплект трубы одной поставкой, график под ход работ, длинномер, отсрочка, паспорт на партию. Москва, область и ЦФО.;https://regiongbi.ru/og-default.png;ЖБИ дорожному подрядчику — комплект трубы, отгрузка;1
https://regiongbi.ru/oplata-i-dostavka/;200;89475;Доставка ЖБИ манипулятором по Москве и МО — оплата, самовывоз;Доставка ЖБИ на объект манипулятором и длинномером по Москве, области и ЦФО. Самовывоз, безнал, отсрочка для подрядчиков. Расчёт логистики под ваш объём.;https://regiongbi.ru/wp-content/uploads/2026/07/otgruzka-zhbi-kozlovym-kranom.jpg;Доставка ЖБИ манипулятором по Москве и МО — оплата, самовывоз;1
https://regiongbi.ru/o-kompanii/;200;85022;О заводе ЖБИ в Москве — производство, ГОСТ, мощности;Собственное производство ЖБИ в Москве, области и ЦФО. Контроль качества по ГОСТ, паспорта на партию, работа с подрядчиками, ЖКХ и дорожными организациями.;https://regiongbi.ru/og-default.png;О заводе ЖБИ в Москве — производство, ГОСТ, мощности;1
https://regiongbi.ru/home/;200;130702;- РегионЖБИ;Дорожное и инженерное ЖБИ: колодцы, лотки, трубы, плиты, блоки. Опт и доставка на объект по Москве, области и ЦФО.;https://regiongbi.ru/wp-content/uploads/2026/07/kolca-kolodeznye-ks-15-3-shtabel.jpg;- РегионЖБИ;1
https://regiongbi.ru/catalog/telefonnye-kolodtsy-kks/kksr-3/;200;100127;Колодец связи ККСр-3 — купить в Москве, тип 10 и 80;ККСр-3: 1950×1160×1760 мм, масса около 2210 кг. Тип 10 — под пешеходную зону, тип 80 — под проезжую часть. Расчёт цены и доставки за 2 часа.;https://regiongbi.ru/og-default.png;Колодец связи ККСр-3 — купить в Москве, тип 10 и 80;1
https://regiongbi.ru/catalog/plity-perekrytiya-kanalov-vp/vp-18/;200;101695;Плиты перекрытия ВП 18 — купить в Москве и области;Ряд плит ВП 16-18 — ВП 40-18 шириной 1800 мм по альбому РК 2303-86. Размеры и массы от 1,18 до 5,35 т в таблице. Считаем цену и доставку под спецификацию за 2 часа.;https://regiongbi.ru/og-default.png;Плиты перекрытия ВП 18 — купить в Москве и области;1
https://regiongbi.ru/catalog/neprohodnye-kanaly-nkl/lp-8-1/;200;100698;Лоток ЛП 8-1 — купить в Москве, 2400×3000×1400 мм;ЛП 8-1: 2400×3000×1400 мм, масса 4100 кг, серия 3.903 КЛ-14. Негабарит, разгрузка краном. Комплектуем с днищами ЛД и плитами перекрытия одной партией.;https://regiongbi.ru/og-default.png;Лоток ЛП 8-1 — купить в Москве, 2400×3000×1400 мм;1
https://regiongbi.ru/catalog/dnishcha-kolodtsev-pd/pd-15/;200;100750;Днище ПД-15 — цена 3 165 ₽, Ø1700 мм, доставка по Москве;Днище ПД-15 под кольцо КС 15: диаметр 1700 мм, толщина 150 мм, масса около 800 кг, ГОСТ 8020-2016. Цена 3 165 ₽ с НДС. Везём комплектом с кольцами и крышкой одной машиной.;https://regiongbi.ru/og-default.png;Днище ПД-15 — цена 3 165 ₽, Ø1700 мм, доставка по Москве;1
https://regiongbi.ru/resheniya/vodopropusknaya-truba-komplekt/;200;87851;Комплект водопропускной трубы — звенья ЗК, оголовки, стенки, блоки;Поставка комплекта водопропускной трубы: звенья ЗК/ЗКП, портальные и откосные стенки, лекальные блоки. Серия 3.501.1-144, шифр 1484, опт, доставка на объект.;https://regiongbi.ru/og-default.png;Комплект водопропускной трубы — звенья ЗК, оголовки, стенки, блоки;1
https://regiongbi.ru/catalog/;200;92802;Каталог ЖБИ по ГОСТ в Москве — цены завода, опт;Каталог ЖБИ от производителя: колодцы, опорные плиты, лотки, трубы, ФБС, люки. Опт и доставка на объект по Москве, области и ЦФО.;https://regiongbi.ru/og-default.png;Каталог ЖБИ по ГОСТ в Москве — цены завода, опт;1
https://regiongbi.ru/catalog/elementy-kollektorov/;200;108253;Элементы коллекторов — звенья КУ, плиты КП, днища КД в Москве;Железобетонные элементы сборных коллекторов: звенья КС, КУ, плиты перекрытия КП, днища КД, доборные блоки ДБ, КБ. Опт, доставка на объект по Москве, области и ЦФО.;https://regiongbi.ru/wp-content/uploads/2026/07/dobornye-bloki-kollektora-db-24.jpg;Элементы коллекторов — звенья КУ, плиты КП, днища КД в Москве;1
https://regiongbi.ru/resheniya/zhbi-dlya-teplotrass/;200;88204;ЖБИ для теплотрасс — непроходные каналы НКЛ, плиты ВП, опт;Комплект ЖБИ для тепловых сетей: непроходные каналы НКЛ, плиты перекрытия каналов ВП, элементы коллекторов. Опт, доставка на объект по Москве, области и ЦФО.;https://regiongbi.ru/og-default.png;ЖБИ для теплотрасс — непроходные каналы НКЛ, плиты ВП, опт;1
https://regiongbi.ru/resheniya/koltsa-dlya-inzhenernyh-setey/;200;89329;Кольца для канализации и водопровода — кольца КС по ГОСТ, опт;Бетонные кольца КС для канализационных и водопроводных колодцев по ГОСТ 8020-2016. Для сетей и подрядчиков, опт, доставка на объект по Москве, области и ЦФО.;https://regiongbi.ru/og-default.png;Кольца для канализации и водопровода — кольца КС по ГОСТ, опт;1
https://regiongbi.ru/resheniya/fbs-dlya-stroitelstva/;200;89168;ФБС для стройки — фундаментные блоки оптом на объект в Москве;Фундаментные блоки ФБС для СМР по ГОСТ 13579-2018. Отгрузка на объект по Москве, области и ЦФО, опт, паспорт качества, прайс-лист.;https://regiongbi.ru/og-default.png;ФБС для стройки — фундаментные блоки оптом на объект в Москве;1
https://regiongbi.ru/resheniya/zhkh-i-vodokanalu/;200;96560;ЖБИ для ЖКХ и водоканала — колодец комплектом;ЖБИ для ЖКХ и водоканала: колодец комплектом, лотки теплотрасс, люки, график под ремонтную программу, паспорт на партию. Москва, область и ЦФО.;https://regiongbi.ru/og-default.png;ЖБИ для ЖКХ и водоканала — колодец комплектом;1
https://regiongbi.ru/resheniya/zastroyshchiku/;200;95479;ЖБИ застройщику и генподрядчику — оптом на объект;ЖБИ для строительства: ФБС, опорные плиты, плиты каналов, блоки экрана, элементы сетей. Объёмные поставки, график под этапы, длинномер. Москва и ЦФО.;https://regiongbi.ru/og-default.png;ЖБИ застройщику и генподрядчику — оптом на объект;1
https://regiongbi.ru/resheniya/;200;87316;Решения — комплект ЖБИ под задачу;Комплекты ЖБИ под задачу подрядчика: сети, трубы, теплотрассы, ФБС. Опт и доставка на объект.;https://regiongbi.ru/og-default.png;Решения — комплект ЖБИ под задачу;1
https://regiongbi.ru/catalog/opornye-plity-op/;200;96209;Опорные плиты ОП, УОП — купить для колодцев в Москве от завода;Опорные плиты ОП-1К, ОП-1Д, УОП-6, КЦО-3 по ГОСТ 8020-2016. Размеры, вес, объём бетона, чертежи. Опт, доставка на объект по Москве, области и ЦФО. Прайс и расчёт.;https://regiongbi.ru/wp-content/uploads/2026/07/kolca-ks-15-3-vid-sverhu.jpg;Опорные плиты ОП, УОП — купить для колодцев в Москве от завода;1
https://regiongbi.ru/catalog/lyuki-chugunnye/;200;95288;Люки чугунные ЛЧ-Л, ЛЧ-Т — купить в Москве, дождеприёмники;Чугунные люки ЛЧ-Л (лёгкий), ЛЧ-Т (тяжёлый), ЛЧ-ТМР и дождеприёмники ДБ, ДК по ГОСТ 3634. Классы нагрузки, вес, цены. Опт, доставка по Москве и МО.;https://regiongbi.ru/wp-content/uploads/2026/07/plita-perekrytiya-kolodca-petli.jpg;Люки чугунные ЛЧ-Л, ЛЧ-Т — купить в Москве, дождеприёмники;1
https://regiongbi.ru/catalog/kryshki-kolodtsev-pp/;200;103092;Крышки для колодцев ПП — плита перекрытия колодца, купить в Москве;Плиты перекрытия колодцев ПП 10-2 … 20-2, ПК 15/20, ПВК-8, ПВГ-20 под люк по ГОСТ 8020-2016. Опт, доставка по Москве, области и ЦФО. Размеры, прайс, расчёт.;https://regiongbi.ru/wp-content/uploads/2026/07/plita-perekrytiya-kolodca-petli.jpg;Крышки для колодцев ПП — плита перекрытия колодца, купить в Москве;1
https://regiongbi.ru/catalog/koltsa-kolodeznye-ks/;200;107208;Кольца КС — цены по всем маркам, доставка по Москве и области;Стеновые кольца КС диаметром 70, 100, 150 и 200 см по ГОСТ 8020-2016. Цены, массы и размеры по всем ходовым маркам в таблице. Комплектуем колодец целиком.;https://regiongbi.ru/wp-content/uploads/2026/07/kolca-ks-15-3-vid-sverhu.jpg;Кольца КС — цены по всем маркам, доставка по Москве и области;1
https://regiongbi.ru/catalog/koltsa-s-dnom-ktsd/;200;96990;Кольца с дном КЦД — монолитное дно, купить в Москве от производителя;Кольца с монолитным дном КЦД 10, КЦД 15, КЦД 20 по ГОСТ 8020-2016. Размеры, масса, цены. Опт, доставка на объект по Москве, области и ЦФО. Паспорт качества, прайс.;https://regiongbi.ru/wp-content/uploads/2026/07/kolca-s-dnom-kcd-15-10.jpg;Кольца с дном КЦД — монолитное дно, купить в Москве от производителя;1
https://regiongbi.ru/catalog/kolodtsy-unifitsirovannye/;200;102265;Унифицированные колодцы ВГ, ВС, ВД — купить в Москве от завода;Унифицированные колодцы ВГ-15, ВГ-20, ВС-10/12/15, ВД-8 для водопровода и канализации. Размеры, объём, серия. Опт, доставка на объект по Москве, области и ЦФО.;https://regiongbi.ru/wp-content/uploads/2026/07/kolodec-vs-15-lotkovaya-chast.jpg;Унифицированные колодцы ВГ, ВС, ВД — купить в Москве от завода;1
https://regiongbi.ru/catalog/fbs-bloki/;200;98255;Блоки ФБС — купить фундаментные блоки в Москве оптом от завода;Фундаментные блоки ФБС 24-4-6, 12-4-6, 9-4-6 и др. по ГОСТ 13579-2018. Размеры, вес, цены. Опт, доставка на объект по Москве, области и ЦФО. Прайс и расчёт.;https://regiongbi.ru/wp-content/uploads/2026/07/bloki-fbs-9-4-6-gost.jpg;Блоки ФБС — купить фундаментные блоки в Москве оптом от завода;1
https://regiongbi.ru/catalog/dnishcha-kolodtsev-pd/;200;94139;Днища колодцев ПД — купить плиту днища в Москве от производителя;Плиты днища колодцев ПД-10, ПД-12, ПД-15, ПД-20 по ГОСТ 8020-2016. Размеры, масса, цены. Опт, доставка по Москве, области и ЦФО. Прайс и расчёт.;https://regiongbi.ru/wp-content/uploads/2026/07/kolca-ks-15-3-vid-sverhu.jpg;Днища колодцев ПД — купить плиту днища в Москве от производителя;1
https://regiongbi.ru/obem-betona-i-ves-zhbi/;200;106119;Объём бетона и вес ЖБИ: таблицы по ГОСТ и сериям;Объём бетона и масса ЖБИ по ГОСТ и сериям: кольца КС, днища ПД, крышки ПП, плиты ОП и ВП, блоки ФБС, звенья ЗК. Для сметы и подбора крана. Москва и ЦФО.;https://regiongbi.ru/og-default.png;Объём бетона и вес ЖБИ: таблицы по ГОСТ и сериям;1
https://regiongbi.ru/price/;200;84370;Прайс-лист ЖБИ 2026 — скачать цены завода в Москве;Актуальный прайс на ЖБИ от производителя: кольца, крышки, днища, ФБС, дорожное ЖБИ. Скачать или запросить расчёт на объём. Опт, доставка по Москве, области и ЦФО.;https://regiongbi.ru/og-default.png;Прайс-лист ЖБИ 2026 — скачать цены завода в Москве;1
https://regiongbi.ru/opt/;200;86429;ЖБИ оптом в Москве — цены завода, отсрочка, договор;Оптовые поставки ЖБИ для подрядчиков и снабженцев: цены от производителя, отсрочка, договор, паспорта качества. Отгрузка на объект по Москве, области и ЦФО. Прайс.;https://regiongbi.ru/og-default.png;ЖБИ оптом в Москве — цены завода, отсрочка, договор;1
https://regiongbi.ru/sertifikaty/;200;85468;Сертификаты на ЖБИ — паспорта, соответствие ГОСТ;Паспорта качества и документы на ЖБИ по ГОСТ 8020, 13579, 3634. Комплект для тендеров и подрядчиков. Даём документы на партию при отгрузке.;https://regiongbi.ru/og-default.png;Сертификаты на ЖБИ — паспорта, соответствие ГОСТ;1
https://regiongbi.ru/blog/page/2/;200;100617;Статьи о ЖБИ — маркировка, ГОСТ, подбор изделий — страница 2;Страница 2 архива: продолжение списка материалов. Статьи о ЖБИ для инженерных сетей и дорожного строительства: подбор марок, расчёт колодцев, комплекты водопропускных труб, классы люков.;https://regiongbi.ru/og-default.png;Статьи о ЖБИ — маркировка, ГОСТ, подбор изделий — страница 2;1
https://regiongbi.ru/blog/page/3/;200;89419;Статьи о ЖБИ — маркировка, ГОСТ, подбор изделий — страница 3;Страница 3 архива: продолжение списка материалов. Статьи о ЖБИ для инженерных сетей и дорожного строительства: подбор марок, расчёт колодцев, комплекты водопропускных труб, классы люков.;https://regiongbi.ru/og-default.png;Статьи о ЖБИ — маркировка, ГОСТ, подбор изделий — страница 3;1
https://regiongbi.ru/page/2/;200;137045;РегионЖБИ — железобетонные изделия с ценами в каталоге — страница 2;Страница 2 архива: продолжение списка материалов. Кольца, днища, крышки, ФБС, лотки, плиты, дорожное ЖБИ. Цены и размеры в каталоге, расчёт спецификации за 2 часа, доставка по Москве, области и регионам.;https://regiongbi.ru/wp-content/uploads/2026/07/kolca-kolodeznye-ks-15-3-shtabel.jpg;РегионЖБИ — железобетонные изделия с ценами в каталоге — страница 2;1
https://regiongbi.ru/page/3/;200;137045;РегионЖБИ — железобетонные изделия с ценами в каталоге — страница 3;Страница 3 архива: продолжение списка материалов. Кольца, днища, крышки, ФБС, лотки, плиты, дорожное ЖБИ. Цены и размеры в каталоге, расчёт спецификации за 2 часа, доставка по Москве, области и регионам.;https://regiongbi.ru/wp-content/uploads/2026/07/kolca-kolodeznye-ks-15-3-shtabel.jpg;РегионЖБИ — железобетонные изделия с ценами в каталоге — страница 3;1
