https://regiongbi.ru/blog/;0;0;0;200;98436
https://regiongbi.ru/fundament-f1-pod-dorozhnye-znaki/;0;0;0;200;103600
https://regiongbi.ru/lekalnye-bloki-bl-zachem-nuzhny/;0;0;0;200;102621
https://regiongbi.ru/portalnye-ili-otkosnye-stenki/;0;0;0;200;105034
https://regiongbi.ru/zk-ili-zkp-v-chem-raznica/;0;0;0;200;106629
https://regiongbi.ru/komplekt-vodopropusknoy-truby/;0;0;0;200;105625
https://regiongbi.ru/kak-podobrat-lotok-nkl/;0;0;0;200;101529
https://regiongbi.ru/vp-ili-pk-v-chem-raznica/;0;0;0;200;109437
https://regiongbi.ru/kak-sobrat-kolodec-komplektom/;0;0;0;200;111265
https://regiongbi.ru/kolodtsy-vg-vs-vd-otlichiya/;0;0;0;200;116476
https://regiongbi.ru/kcd-ili-kolco-s-dnishchem/;0;0;0;200;101506
https://regiongbi.ru/zhbi-dlya-livnevoy-kanalizacii/;0;0;0;200;102734
https://regiongbi.ru/fbs-kak-poschitat-kolichestvo/;0;0;0;200;102501
https://regiongbi.ru/fbs-ili-monolitnyy-fundament/;0;0;0;200;101066
https://regiongbi.ru/drenazhnyy-kolodec-iz-kolec/;0;0;0;200;105832
https://regiongbi.ru/op-ili-pp-chem-otlichayutsya/;0;0;0;200;104394
https://regiongbi.ru/kolodcy-svyazi-kks-tipy/;0;0;0;200;103978
https://regiongbi.ru/kak-vybrat-lestnicu-ili-skoby-dlya-kolodca/;0;0;0;200;106744
https://regiongbi.ru/zhbi-dlya-teplotrass-nkl-vp/;0;0;0;200;102463
https://regiongbi.ru/raschet-kolets-dlya-kolodca/;0;0;0;200;100402
https://regiongbi.ru/kryshki-kolodcev-pp-pk-pvg/;0;0;0;200;103029
https://regiongbi.ru/markirovka-fbs/;0;0;0;200;100538
https://regiongbi.ru/lyuki-chugunnye-klassy/;0;0;0;200;101371
https://regiongbi.ru/;0;0;0;200;135534
https://regiongbi.ru/catalog/fundamenty-pod-dorozhnye-znaki/f-1/;1;1;0;200;89453
https://regiongbi.ru/catalog/otkosnye-stenki/st-1/;1;1;0;200;90210
https://regiongbi.ru/catalog/otkosnye-stenki/st-2/;1;1;0;200;90212
https://regiongbi.ru/catalog/otkosnye-stenki/stk-12/;1;1;0;200;90592
https://regiongbi.ru/catalog/otkosnye-stenki/stk-13/;1;1;0;200;90592
https://regiongbi.ru/catalog/otkosnye-stenki/stk-11/;1;1;0;200;90591
https://regiongbi.ru/catalog/portalnye-stenki-stk/stk-8/;1;1;0;200;90522
https://regiongbi.ru/catalog/otkosnye-stenki/stk-10/;1;1;0;200;90591
https://regiongbi.ru/catalog/portalnye-stenki-stk/stk-7/;1;1;0;200;90497
https://regiongbi.ru/catalog/portalnye-stenki-stk/stk-5/;1;1;0;200;90497
https://regiongbi.ru/catalog/portalnye-stenki-stk/stk-6/;1;1;0;200;90522
https://regiongbi.ru/catalog/portalnye-stenki-stk/stk-1/;1;1;0;200;90501
https://regiongbi.ru/catalog/portalnye-stenki-stk/stk-2/;1;1;0;200;90500
https://regiongbi.ru/catalog/lekalnye-bloki-bl/bl-4-201-8/;1;1;0;200;90453
https://regiongbi.ru/catalog/lekalnye-bloki-bl/bl-4-201-8a/;1;1;0;200;90482
https://regiongbi.ru/catalog/lekalnye-bloki-bl/bl-1-201-4/;1;1;0;200;90454
https://regiongbi.ru/catalog/lekalnye-bloki-bl/bl-1-201-4a/;1;1;0;200;90482
https://regiongbi.ru/catalog/vodopropusknye-truby-zk/zk-9-200/;1;1;0;200;91279
https://regiongbi.ru/catalog/vodopropusknye-truby-zk/zk-16-132/;1;1;0;200;91306
https://regiongbi.ru/catalog/vodopropusknye-truby-zk/zk-9-100/;1;1;0;200;91281
https://regiongbi.ru/catalog/vodopropusknye-truby-zk/zk-8-200/;1;1;0;200;91281
https://regiongbi.ru/catalog/vodopropusknye-truby-zk/zk-8-150/;1;1;0;200;91281
https://regiongbi.ru/catalog/vodopropusknye-truby-zk/zk-8-100/;1;1;0;200;91282
https://regiongbi.ru/catalog/vodopropusknye-truby-zk/zk-14-132/;1;1;0;200;91304
https://regiongbi.ru/catalog/vodopropusknye-truby-zk/zk-3-150/;1;1;0;200;91269
https://regiongbi.ru/catalog/vodopropusknye-truby-zk/zk-3-200/;1;1;0;200;90600
https://regiongbi.ru/catalog/vodopropusknye-truby-zk/zk-2-100/;1;1;0;200;91241
https://regiongbi.ru/catalog/vodopropusknye-truby-zk/zk-3-100/;1;1;0;200;91296
https://regiongbi.ru/catalog/vodopropusknye-truby-zk/zk-1-100/;1;1;0;200;91284
https://regiongbi.ru/catalog/fundamenty-pod-dorozhnye-znaki/;0;0;0;200;93684
https://regiongbi.ru/catalog/otkosnye-stenki/;0;0;0;200;93827
https://regiongbi.ru/catalog/lekalnye-bloki-bl/;0;0;0;200;93995
https://regiongbi.ru/catalog/portalnye-stenki-stk/;0;0;0;200;94565
https://regiongbi.ru/catalog/vodopropusknye-truby-zk/;0;0;0;200;99616
https://regiongbi.ru/kontakty/;0;0;0;200;84870
https://regiongbi.ru/catalog/lyuki-chugunnye/lch-t/;1;1;0;200;88668
https://regiongbi.ru/catalog/lyuki-chugunnye/lch-tmr/;1;1;0;200;88937
https://regiongbi.ru/catalog/opornye-plity-op/kco-3/;1;1;0;200;88566
https://regiongbi.ru/catalog/opornye-plity-op/op-1d/;3;0;1;200;89138
https://regiongbi.ru/catalog/opornye-plity-op/uop-6/;1;1;0;200;88690
https://regiongbi.ru/catalog/opornye-plity-op/op-1k/;2;0;1;200;88481
https://regiongbi.ru/catalog/lyuki-chugunnye/dk/;1;1;0;200;88613
https://regiongbi.ru/catalog/lyuki-chugunnye/db/;1;1;0;200;88790
https://regiongbi.ru/catalog/lyuki-chugunnye/lch-l/;1;1;0;200;88622
https://regiongbi.ru/catalog/kolodtsy-unifitsirovannye/vg-20/;1;1;0;200;89401
https://regiongbi.ru/catalog/kolodtsy-unifitsirovannye/vs-15/;1;1;0;200;89292
https://regiongbi.ru/catalog/kolodtsy-unifitsirovannye/vg-15/;1;1;0;200;89611
https://regiongbi.ru/catalog/kolodtsy-unifitsirovannye/vg-12/;1;1;0;200;89506
https://regiongbi.ru/catalog/kolodtsy-unifitsirovannye/vs-10/;1;1;0;200;89328
https://regiongbi.ru/catalog/kolodtsy-unifitsirovannye/vs-12/;1;1;0;200;89259
https://regiongbi.ru/catalog/kolodtsy-unifitsirovannye/vg-10/;1;1;0;200;89458
https://regiongbi.ru/catalog/kolodtsy-unifitsirovannye/vd-8/;1;1;0;200;88887
https://regiongbi.ru/catalog/koltsa-kolodeznye-ks/ko-1-5/;1;1;0;200;88912
https://regiongbi.ru/catalog/koltsa-kolodeznye-ks/k1-a/;1;1;0;200;88815
https://regiongbi.ru/catalog/koltsa-kolodeznye-ks/ko-1/;1;1;0;200;88887
https://regiongbi.ru/catalog/koltsa-kolodeznye-ks/ko-6/;1;1;0;200;88758
https://regiongbi.ru/catalog/koltsa-s-dnom-ktsd/kcd-20-10/;1;1;0;200;89168
https://regiongbi.ru/catalog/koltsa-s-dnom-ktsd/kcd-10-10/;1;1;0;200;89402
https://regiongbi.ru/catalog/koltsa-s-dnom-ktsd/kcd-15-10/;1;1;0;200;89335
https://regiongbi.ru/catalog/koltsa-s-dnom-ktsd/kcd-7-10/;1;1;0;200;89372
https://regiongbi.ru/catalog/koltsa-s-dnom-ktsd/kcd-20-9/;1;1;0;200;89378
https://regiongbi.ru/catalog/koltsa-s-dnom-ktsd/kcd-10-9/;1;1;0;200;89373
https://regiongbi.ru/catalog/koltsa-s-dnom-ktsd/kcd-15-9/;1;1;0;200;89393
https://regiongbi.ru/catalog/koltsa-s-dnom-ktsd/kcd-7-9/;1;1;0;200;89228
https://regiongbi.ru/catalog/koltsa-s-dnom-ktsd/kcd-10-6/;1;1;0;200;89137
https://regiongbi.ru/catalog/kryshki-kolodtsev-pp/pvg-15/;1;1;0;200;89005
https://regiongbi.ru/catalog/kryshki-kolodtsev-pp/pk-25/;1;1;0;200;88700
https://regiongbi.ru/catalog/kryshki-kolodtsev-pp/pvg-25/;1;1;0;200;88742
https://regiongbi.ru/catalog/kryshki-kolodtsev-pp/pk-10/;1;1;0;200;88947
https://regiongbi.ru/catalog/kryshki-kolodtsev-pp/pp-25-2/;1;1;0;200;89469
https://regiongbi.ru/catalog/kryshki-kolodtsev-pp/pk-20/;1;1;0;200;88937
https://regiongbi.ru/catalog/kryshki-kolodtsev-pp/pvg-20/;1;1;0;200;88935
https://regiongbi.ru/catalog/kryshki-kolodtsev-pp/ppl-20-1/;1;1;0;200;89765
https://regiongbi.ru/catalog/kryshki-kolodtsev-pp/ppz-20-1/;1;1;0;200;89556
https://regiongbi.ru/catalog/kryshki-kolodtsev-pp/ppl-20-2/;1;1;0;200;89768
https://regiongbi.ru/catalog/kryshki-kolodtsev-pp/pp-20-2/;1;1;0;200;89446
https://regiongbi.ru/catalog/kryshki-kolodtsev-pp/ppz-20-2/;1;1;0;200;89553
https://regiongbi.ru/catalog/kryshki-kolodtsev-pp/pp-20-1/;1;1;0;200;89327
https://regiongbi.ru/catalog/kryshki-kolodtsev-pp/ppl-15-1/;1;1;0;200;89555
https://regiongbi.ru/catalog/kryshki-kolodtsev-pp/ppl-15-2/;1;1;0;200;89674
https://regiongbi.ru/catalog/kryshki-kolodtsev-pp/ppz-15-2/;1;1;0;200;89572
https://regiongbi.ru/catalog/kryshki-kolodtsev-pp/ppz-15-1/;1;1;0;200;89575
https://regiongbi.ru/catalog/kryshki-kolodtsev-pp/pp-15-1/;1;1;0;200;89458
https://regiongbi.ru/catalog/kryshki-kolodtsev-pp/pp-15-2/;1;1;0;200;89628
https://regiongbi.ru/catalog/kryshki-kolodtsev-pp/pp-12-2/;1;1;0;200;89128
https://regiongbi.ru/catalog/kryshki-kolodtsev-pp/pk-15/;1;1;0;200;88825
https://regiongbi.ru/catalog/kryshki-kolodtsev-pp/pk-12/;1;1;0;200;88614
https://regiongbi.ru/catalog/kryshki-kolodtsev-pp/ppl-10-2/;1;1;0;200;89661
https://regiongbi.ru/catalog/kryshki-kolodtsev-pp/ppl-10-1/;1;1;0;200;89542
https://regiongbi.ru/catalog/kryshki-kolodtsev-pp/ppz-10-1/;1;1;0;200;89563
https://regiongbi.ru/catalog/kryshki-kolodtsev-pp/pp-10-2/;1;1;0;200;89452
https://regiongbi.ru/catalog/kryshki-kolodtsev-pp/ppz-10-2/;1;1;0;200;89559
https://regiongbi.ru/catalog/kryshki-kolodtsev-pp/pp-10-1/;1;1;0;200;89334
https://regiongbi.ru/catalog/dnishcha-kolodtsev-pd/pn-25/;1;1;0;200;88877
https://regiongbi.ru/catalog/kryshki-kolodtsev-pp/pp-8-1/;1;1;0;200;89385
https://regiongbi.ru/catalog/dnishcha-kolodtsev-pd/pn-20/;1;1;0;200;88982
https://regiongbi.ru/catalog/dnishcha-kolodtsev-pd/pn-12/;1;1;0;200;89016
https://regiongbi.ru/catalog/dnishcha-kolodtsev-pd/pn-15/;1;1;0;200;89115
https://regiongbi.ru/catalog/dnishcha-kolodtsev-pd/pn-8/;1;1;0;200;88897
https://regiongbi.ru/catalog/dnishcha-kolodtsev-pd/pn-10/;1;1;0;200;89093
https://regiongbi.ru/catalog/fbs-bloki/fbs-6-5-6/;1;1;0;200;88941
https://regiongbi.ru/catalog/dnishcha-kolodtsev-pd/pn-7/;1;1;0;200;88859
https://regiongbi.ru/catalog/fbs-bloki/fbs-6-4-3/;1;1;0;200;89126
https://regiongbi.ru/catalog/fbs-bloki/fbs-6-4-6/;1;1;0;200;89081
https://regiongbi.ru/catalog/fbs-bloki/fbs-6-3-6/;1;1;0;200;88978
https://regiongbi.ru/catalog/fbs-bloki/fbs-9-6-6/;1;1;0;200;88945
https://regiongbi.ru/catalog/fbs-bloki/fbs-9-5-6/;1;1;0;200;89011
https://regiongbi.ru/catalog/fbs-bloki/fbs-9-4-3/;1;1;0;200;89193
https://regiongbi.ru/catalog/fbs-bloki/fbs-9-4-6/;1;1;0;200;89068
https://regiongbi.ru/catalog/fbs-bloki/fbs-12-6-6/;1;1;0;200;88961
https://regiongbi.ru/catalog/fbs-bloki/fbs-9-3-6/;1;1;0;200;88938
https://regiongbi.ru/catalog/fbs-bloki/fbs-12-5-6/;1;1;0;200;89029
https://regiongbi.ru/catalog/fbs-bloki/fbs-12-4-3/;1;1;0;200;89213
https://regiongbi.ru/catalog/fbs-bloki/fbs-12-3-6/;1;1;0;200;88954
https://regiongbi.ru/catalog/fbs-bloki/fbs-12-4-6/;1;1;0;200;89078
https://regiongbi.ru/catalog/fbs-bloki/fbs-24-6-6/;1;1;0;200;88969
https://regiongbi.ru/catalog/fbs-bloki/fbs-24-4-6/;3;0;1;200;89753
https://regiongbi.ru/catalog/fbs-bloki/fbs-24-5-6/;1;1;0;200;89036
https://regiongbi.ru/catalog/koltsa-kolodeznye-ks/ks-25-9/;1;1;0;200;89891
https://regiongbi.ru/catalog/fbs-bloki/fbs-24-3-6/;1;1;0;200;88955
https://regiongbi.ru/catalog/koltsa-kolodeznye-ks/ks-25-6/;1;1;0;200;89892
https://regiongbi.ru/catalog/koltsa-kolodeznye-ks/ks-20-9/;1;1;0;200;90147
https://regiongbi.ru/catalog/koltsa-kolodeznye-ks/ks-20-10/;1;1;0;200;90116
https://regiongbi.ru/catalog/koltsa-kolodeznye-ks/ks-20-6/;1;1;0;200;90347
https://regiongbi.ru/catalog/koltsa-kolodeznye-ks/ks-15-10/;1;1;0;200;90178
https://regiongbi.ru/catalog/koltsa-kolodeznye-ks/ks-20-3/;1;1;0;200;90078
https://regiongbi.ru/catalog/koltsa-kolodeznye-ks/ks-20-5/;1;1;0;200;90169
https://regiongbi.ru/catalog/koltsa-kolodeznye-ks/ks-15-9/;3;0;1;200;90419
https://regiongbi.ru/catalog/koltsa-kolodeznye-ks/ks-15-6/;1;1;0;200;90380
https://regiongbi.ru/catalog/koltsa-kolodeznye-ks/ks-15-3/;1;1;0;200;90174
https://regiongbi.ru/catalog/koltsa-kolodeznye-ks/ks-15-5/;1;1;0;200;90230
https://regiongbi.ru/catalog/koltsa-kolodeznye-ks/ks-10-10/;1;1;0;200;90188
https://regiongbi.ru/catalog/koltsa-kolodeznye-ks/ks-10-9/;3;0;1;200;89715
https://regiongbi.ru/catalog/koltsa-kolodeznye-ks/ks-10-6/;1;1;0;200;90396
https://regiongbi.ru/catalog/koltsa-kolodeznye-ks/ks-10-3/;1;1;0;200;90158
https://regiongbi.ru/catalog/koltsa-kolodeznye-ks/ks-10-5/;1;1;0;200;90248
https://regiongbi.ru/catalog/koltsa-kolodeznye-ks/ks-7-10/;1;1;0;200;90209
https://regiongbi.ru/catalog/koltsa-kolodeznye-ks/ks-7-6/;1;1;0;200;90377
https://regiongbi.ru/catalog/koltsa-kolodeznye-ks/ks-7-9/;1;1;0;200;90236
https://regiongbi.ru/catalog/koltsa-kolodeznye-ks/ks-7-3/;1;1;0;200;90406
https://regiongbi.ru/catalog/koltsa-kolodeznye-ks/ks-7-5/;1;1;0;200;90346
https://regiongbi.ru/catalog/koltsa-kolodeznye-ks/ks-7-0-1/;1;1;0;200;90076
https://regiongbi.ru/catalog/koltsa-kolodeznye-ks/ks-7-1-5/;1;1;0;200;90190
https://regiongbi.ru/catalog/dorozhnoe-zhbi/;0;0;0;200;98911
https://regiongbi.ru/catalog/plity-perekrytiya-kanalov-vp/;0;0;0;200;99580
https://regiongbi.ru/catalog/neprohodnye-kanaly-nkl/;0;0;0;200;93470
https://regiongbi.ru/catalog/lestnicy-dlya-kolodcev/skoby-hodovye/;11;0;1;200;100530
https://regiongbi.ru/catalog/lestnicy-dlya-kolodcev/promyshlennye-lestnicy/;3;0;1;200;99735
https://regiongbi.ru/catalog/lestnicy-dlya-kolodcev/vl-2/;1;0;0;200;92223
https://regiongbi.ru/catalog/lestnicy-dlya-kolodcev/;0;0;0;200;92881
https://regiongbi.ru/catalog/lestnicy-dlya-kolodcev/kl/;1;0;0;200;92399
https://regiongbi.ru/catalog/blok-protivofiltratsionnogo-ekrana/;0;0;0;200;92425
https://regiongbi.ru/catalog/telefonnye-kolodtsy-kks/;0;0;0;200;91635
https://regiongbi.ru/catalog/zvenya-ploskoe-opiranie-zkp/;0;0;0;200;92934
https://regiongbi.ru/catalog/plity-pt-3006-1-8/;0;0;0;200;95143
https://regiongbi.ru/catalog/plity-p-3006-1-2-87/;0;0;0;200;94921
https://regiongbi.ru/catalog/lotki-l-3006-1-2-87/;0;0;0;200;97578
https://regiongbi.ru/catalog/lotki-lk-3006-1-8/;0;0;0;200;95426
https://regiongbi.ru/catalog/dobornye-elementy-kanalov/;0;0;0;200;93502
https://regiongbi.ru/dostavka/;0;0;0;200;88891
https://regiongbi.ru/dostavka/yaroslavl/;0;0;0;200;93772
https://regiongbi.ru/dostavka/vladimir/;0;0;0;200;93328
https://regiongbi.ru/dostavka/voronezh/;0;0;0;200;94544
https://regiongbi.ru/dostavka/tver/;0;0;0;200;92557
https://regiongbi.ru/dostavka/tula/;0;0;0;200;93561
https://regiongbi.ru/dostavka/tambov/;0;0;0;200;94506
https://regiongbi.ru/dostavka/smolensk/;0;0;0;200;93412
https://regiongbi.ru/dostavka/ryazan/;0;0;0;200;93411
https://regiongbi.ru/dostavka/oryol/;0;0;0;200;94538
https://regiongbi.ru/dostavka/kursk/;0;0;0;200;94264
https://regiongbi.ru/dostavka/lipetsk/;0;0;0;200;94950
https://regiongbi.ru/dostavka/kaluga/;0;0;0;200;93150
https://regiongbi.ru/dostavka/bryansk/;0;0;0;200;93847
https://regiongbi.ru/resheniya/dorozhnomu-podryadchiku/;0;0;0;200;96959
https://regiongbi.ru/oplata-i-dostavka/;0;0;0;200;89475
https://regiongbi.ru/o-kompanii/;0;0;0;200;85600
https://regiongbi.ru/home/;0;0;0;200;131934
https://regiongbi.ru/catalog/telefonnye-kolodtsy-kks/kksr-3/;1;0;0;200;100818
https://regiongbi.ru/catalog/plity-perekrytiya-kanalov-vp/vp-18/;7;0;1;200;101695
https://regiongbi.ru/catalog/neprohodnye-kanaly-nkl/lp-8-1/;1;0;0;200;101341
https://regiongbi.ru/catalog/dnishcha-kolodtsev-pd/pd-15/;1;1;0;200;101393
https://regiongbi.ru/resheniya/vodopropusknaya-truba-komplekt/;0;0;0;200;88460
https://regiongbi.ru/catalog/;0;0;0;200;92802
https://regiongbi.ru/catalog/elementy-kollektorov/;0;0;0;200;108889
https://regiongbi.ru/resheniya/zhbi-dlya-teplotrass/;0;0;0;200;88813
https://regiongbi.ru/resheniya/koltsa-dlya-inzhenernyh-setey/;0;0;0;200;89938
https://regiongbi.ru/resheniya/fbs-dlya-stroitelstva/;0;0;0;200;89777
https://regiongbi.ru/resheniya/zhkh-i-vodokanalu/;0;0;0;200;97170
https://regiongbi.ru/resheniya/zastroyshchiku/;0;0;0;200;96089
https://regiongbi.ru/resheniya/;0;0;0;200;87316
https://regiongbi.ru/catalog/opornye-plity-op/;0;0;0;200;97033
https://regiongbi.ru/catalog/lyuki-chugunnye/;0;0;0;200;95946
https://regiongbi.ru/catalog/kryshki-kolodtsev-pp/;0;0;0;200;103857
https://regiongbi.ru/catalog/koltsa-kolodeznye-ks/;0;0;0;200;107208
https://regiongbi.ru/catalog/koltsa-s-dnom-ktsd/;0;0;0;200;97804
https://regiongbi.ru/catalog/kolodtsy-unifitsirovannye/;0;0;0;200;102942
https://regiongbi.ru/catalog/fbs-bloki/;0;0;0;200;99056
https://regiongbi.ru/catalog/dnishcha-kolodtsev-pd/;0;0;0;200;94905
https://regiongbi.ru/obem-betona-i-ves-zhbi/;0;0;0;200;106698
https://regiongbi.ru/price/;0;0;0;200;84948
https://regiongbi.ru/opt/;0;0;0;200;87008
https://regiongbi.ru/sertifikaty/;0;0;0;200;86047
